{
	"Format": "1.22",
	"CustomLocations": [
		/*********
** Load InnRoomRosa
*********/
		{
			"Name": "Custom_ES_InnRoomRosa",
			"FromMapFile": "assets/Maps/InnRoomRosa.tmx"
		},
		{
			"Name": "Custom_ES_DaoHouse",
			"FromMapFile": "assets/Maps/DaoHouse.tmx"
		}
	],
	"DynamicTokens": [
		{
			"Name": "LexiNameForYou",
			"Value": "@"
		},
		{
			"Name": "LexiNameForYou",
			"Value": "None-of-your-business",
			"When": {
				"HasFlag": "LexiNoneBusiness"
			}
		}
	],
	"Changes": [
		{
			"LogName": "Add warp to ES Inn for Rose",
			"Action": "EditMap",
			"Target": "Maps/Custom_EastScarpeInn",
			"MapTiles": [
				{
					"Position": {
						"X": 25,
						"Y": 4
					},
					"Layer": "Buildings",
					"SetProperties": {
						"Action": "LockedDoorWarp 3 9 Custom_ES_InnRoomRosa 800 2000"
					}
				}
			]
		},
		/***********************Temporary NPCS
		******************************************/
		{
			"LogName": "NPC Manifestation",
			"Action": "EditData",
			"Target": "Data/NPCDispositions",
			"Entries": {
				"OliverK": "teen/polite/shy/negative/male/not-datable//Other//JosephineK 'mother'/Custom_EastScarpeInn -100 -100/Oliver",
				"JosephineK": "adult/polite/neutral/negative/female/not-datable/GovernorK/Other//OliverK 'son'/Custom_EastScarpeInn -100 -100/Josephine"
			}
		},
		{
			"LogName": "Josephine and Oliver's antisocial flags",
			"Action": "EditData",
			"Target": "Data/AntiSocialNPCs",
			"Entries": {
				"JosephineK": true,
				"OliverK": true
			},
			"When": {
				"HasSeenEvent |contains=57873000": false
			}
		},
		{
			"Action": "EditMap",
			"Target": "Maps/Custom_EastScarpeInn",
			"FromFile": "assets/Maps/OliverRoom.tmx",
			"Update": "OnLocationChange",
			"ToArea": {
				"X": 12,
				"Y": 4,
				"Width": 9,
				"Height": 9
			},
			"When": {
				"HasSeenEvent |contains=57873000": "True",
				"HasSeenEvent |contains=57873005": "false"
			}
		},
		/**************** Resident NPCs
		********************************************/
		{
			"Action": "Include",
			"FromFile": "assets/JacobEloise.json"
		},
		{
			"Action": "Include",
			"FromFile": "assets/Aideen.json"
		},
		{
			"Action": "Include",
			"FromFile": "assets/Lexi.json"
		},
		{
			"Action": "Include",
			"FromFile": "assets/OliverJosephine.json"
		},
		{
			"Action": "Include",
			"FromFile": "assets/LeoFix.json"
		},
		{
			"Action": "Include",
			"FromFile": "assets/Rosa.json"
		},
		{
			"Action": "Include",
			"FromFile": "assets/Dao.json",
			"When": {
				"HasMod |contains=FlashShifter.StardewValleyExpandedCP": false
			}
		},
		{
			"Action": "Include",
			"FromFile": "assets/Movies.json"
		},
		/***************************
		ANTISOCICAL NPCS
		****************************/
		/*{
					"LogName": "AntiSocial Flags",
					"Action": "EditData",
					"Target": "Data/AntiSocialNPCs",
					"Entries": {
						"Rosa": true
					}
				},*/
		{
			"LogName": "NPC Exclusion NPCs to avoid Perfection issues",
			"Action": "EditData",
			"Target": "Data/CustomNPCExclusions",
			"Entries": {
				"DuckNPC": "All",
				"Duck2NPC": "All",
				"Leximonster": "PerfectFriend,IslandVisit,TownQuest",
				"OliverK": "All",
				"JosephineK": "All"
			}
		},
		{
			"LogName": "NPC Exclusion NPCs to avoid Perfection issues",
			"Action": "EditData",
			"Target": "Data/CustomNPCExclusions",
			"When": {
				"HasSeenEvent": "57873000",
				"HasSeenEvent |contains=57873005": false
			},
			"Entries": {
				"JosephineK": "PerfectFriend"
			}
		},
		{
			"LogName": "NPC Exclusion NPCs to avoid Perfection issues",
			"Action": "EditData",
			"Target": "Data/CustomNPCExclusions",
			"When": {
				"HasSeenEvent": "57873000"
			},
			"Entries": {
				"OliverK": "PerfectFriend"
			}
		},
		{
			"LogName": "Emperor Ducks AntiSocial Flags",
			"Action": "EditData",
			"Target": "Data/AntiSocialNPCs",
			"Entries": {
				"DuckNPC": true,
				"Duck2NPC": true
			},
			"When": {
				"HasSeenEvent |contains=57870002": true,
				"HasMod": "SuperAardvark.AntiSocial"
			}
		},
		//Ducks
		{ //Drake
			"LogName": "Mandarin Duck",
			"Action": "Load",
			"Target": "Characters/DuckNPC",
			"FromFile": "assets/Images/Duck-Mandarin-land.png"
		},
		{
			"LogName": "Mandarin Duck",
			"Action": "Load",
			"Target": "Characters/schedules/DuckNPC",
			"FromFile": "assets/Characters/schedules/Duck.json"
		},
		{
			"LogName": "Mandarin Duck",
			"Action": "Load",
			"Target": "Characters/Dialogue/DuckNPC",
			"FromFile": "assets/Characters/Dialogue/Duck.json"
		},
		{
			"LogName": "Mandarin Duck",
			"Action": "Load",
			"Target": "Portraits/DuckNPC",
			"FromFile": "assets/Images/DuckPortrait.png"
		},
		{ //Hen
			"LogName": "Mandarin Duck",
			"Action": "Load",
			"Target": "Characters/Duck2NPC",
			"FromFile": "assets/Images/Duck-Mandarin-female.png"
		},
		{
			"LogName": "Mandarin Duck",
			"Action": "Load",
			"Target": "Characters/schedules/Duck2NPC",
			"FromFile": "assets/Characters/schedules/Duck2.json"
		},
		{
			"LogName": "Mandarin Duck",
			"Action": "Load",
			"Target": "Characters/Dialogue/Duck2NPC",
			"FromFile": "assets/Characters/Dialogue/Duck2.json"
		},
		{
			"LogName": "Mandarin Duck",
			"Action": "Load",
			"Target": "Portraits/Duck2NPC",
			"FromFile": "assets/Images/DuckPortrait2.png"
		},
		{
			"LogName": "Governor",
			"Action": "Load",
			"Target": "Characters/Governor_walking",
			"FromFile": "assets/Images/GovernorK.png"
		},
		{
			"LogName": "NPC Manifestation",
			"Action": "EditData",
			"Target": "Data/NPCDispositions",
			"Entries": {
				"DuckNPC": "adult/rude/outgoing/positive/male/not-datable/null/Town/null//Custom_EastScarpe 21 62/The Emperor"
			},
			"When": {
				"HasSeenEvent": "57870002",
				"HasMod": "SuperAardvark.AntiSocial"
			}
		},
		{
			"LogName": "NPC Manifestation",
			"Action": "EditData",
			"Target": "Data/NPCDispositions",
			"Entries": {
				"Duck2NPC": "adult/rude/shy/positive/female/not-datable/null/Town/null//Custom_EastScarpe 22 61/The Empress"
			},
			"When": {
				"HasSeenEvent": "57870011",
				"HasMod": "SuperAardvark.AntiSocial"
			}
		},
		{
			"Action": "Include",
			"FromFile": "assets/SpecialOrders.json"
		},
		//Fixing Beatrice's pathing	and adding resort dialogue .................................
		{
			"LogName": "NPC Manifestation",
			"Action": "EditData",
			"Target": "Data/NPCDispositions",
			"Entries": {
				"Beatrice": "adult/neutral/shy/negative/female/non-datable/null/Town/spring 17//Custom_ESLighthouse 11 10/Beatrice"
			}
		},
		{
			"LogName": "Beatrice Summer",
			"Action": "EditData",
			"Target": "Characters/schedules/Beatrice",
			"Entries": {
				"rain": "610 Custom_ESLightHouse 11 10 0 Beatrice_pjs \"Strings\\schedules\\Beatrice:sleep\"/1100 Custom_ESLightHouse 5 5 0/1200 Custom_EastScarpe 60 114 2 \"Strings\\schedules\\Beatrice:rain.001\"/1400 Custom_EastScarpe 71 77 2/1500 Custom_EastScarpe 71 120 2 Beatrice_telescope \"Strings\\schedules\\Beatrice:telescope.001\"/1600 Custom_ESLightHouse 21 6 1/1900 Custom_ESLightHouse 18 4 0", // Have edited
				"rain2": "610 Custom_ESLightHouse 11 10 0 Beatrice_pjs \"Strings\\schedules\\Beatrice:sleep\"/1100 Custom_ESLightHouse 5 5 0/1200 Custom_EastScarpe 60 114 2 \"Strings\\schedules\\Beatrice:rain.001\"/1400 Custom_EastScarpe 71 77 2/1500 Custom_EastScarpe 68 116 0 Beatrice_telescope \"Strings\\schedules\\Beatrice:telescope.002\"/1600 Custom_EastScarpe 12 111 3 \"Strings\\schedules\\Beatrice:boat.001\"/1900 Custom_ESLightHouse 18 4 0", // Have edited
				"Mon": "610 Custom_ESLightHouse 11 10 0 Beatrice_pjs \"Strings\\schedules\\Beatrice:sleep\"/1000 SeedShop 16 29 3 Beatrice_shop/1400 Saloon 19 23 3 \"Strings\\schedules\\Beatrice:saloon.001\"/1700 Custom_ESLightHouse 18 4 0",
				"Sun": "610 Custom_ESLightHouse 11 10 0 Beatrice_pjs \"Strings\\schedules\\Beatrice:sleep\"/1100 Custom_ESLightHouse 2 10 3/1200 Custom_ESLightHouse 4 9 2 Beatrice_read \"Strings\\schedules\\Beatrice:read.001\"/1500 Custom_ESLightHouse 5 5 0/1600 Custom_ESLightHouse 11 5 0/1800 Custom_ESLightHouse 18 4 0 \"Strings\\schedules\\Beatrice:light.001\"",
				"spring_16": "610 Custom_ESLightHouse 18 4 0 Beatrice_pjs \"Strings\\schedules\\Beatrice:sleep\"/1000 Hospital 15 15 3 Beatrice_chair \"Strings\\schedules\\Beatrice:checkup\"/1500 Saloon 19 23 3/1900 Custom_ESLightHouse 18 4 0",
				"spring": "610 Custom_ESLightHouse 11 10 0 Beatrice_pjs \"Strings\\schedules\\Beatrice:sleep\"/1100 Custom_ESLightHouse 5 5 0/1400 Custom_EastScarpe 68 116 0 Beatrice_telescope/1600 Custom_EastScarpe 12 111 3/1800 Custom_ESLightHouse 2 10 3/1900 Custom_ESLightHouse 18 4 0",
				"fall": "610 Custom_ESLightHouse 11 10 0 Beatrice_pjs \"Strings\\schedules\\Beatrice:sleep\"/1200 Custom_EastScarpe 55 84 3 Beatrice_read/1500 Custom_EastScarpe 75 119 2 Beatrice_telescope/1700 Custom_ESLightHouse 21 6 1/1830 Custom_ESLightHouse 18 4 0",
				"winter": "610 Custom_ESLightHouse 18 4 0/800 Custom_ESLightHouse 11 10 2 Beatrice_pjs \"Strings\\schedules\\Beatrice:sleep\"/1200 Custom_ESLightHouse 11 5 0/1300 Custom_EastScarpe 54 40 2 Beatrice_sit/1700 Custom_ESLightHouse 21 6 1/1800 Custom_ESLightHouse 18 4 0",
				"spring_12": "610 Custom_ESLightHouse 11 10 0 Beatrice_pjs \"Strings\\schedules\\Beatrice:sleep\"/900 Custom_ESLightHouse 5 5 0/930 ArchaeologyHouse 18 9 2 Beatrice_stool \"Strings\\schedules\\Beatrice:read.002\"/1440 Saloon 19 23 3/1600 Custom_ESLightHouse 2 10 3/2000 Custom_ESLightHouse 18 4 0",
				"fall_12": "610 Custom_ESLightHouse 11 10 0 Beatrice_pjs \"Strings\\schedules\\Beatrice:sleep\"/900 Custom_ESLightHouse 5 5 0/930 ArchaeologyHouse 18 9 2 Beatrice_stool \"Strings\\schedules\\Beatrice:read.002\"/1440 Saloon 19 23 3/1600 Custom_ESLightHouse 2 10 3/1900 Custom_ESLightHouse 18 4 0",
				"winter_12": "610 Custom_ESLightHouse 11 10 0 Beatrice_pjs \"Strings\\schedules\\Beatrice:sleep\"/900 Custom_ESLightHouse 5 5 0/930 ArchaeologyHouse 18 9 2 Beatrice_stool \"Strings\\schedules\\Beatrice:read.002\"/1440 Saloon 19 23 3/1600 Custom_ESLightHouse 2 10 3/1800 Custom_ESLightHouse 18 4 0",
				"summer": "610  Custom_ESLighthouse 11 10 0 Beatrice_pjs \"Strings\\schedules\\Beatrice:sleep\"/1100 Custom_EastScarpe 22 102 1/1300 Custom_EastScarpe 55 84 2 Beatrice_read/1500  Custom_ESLighthouse 11 5 0/1600  Custom_ESLighthouse 21 6 1/1700  Custom_ESLighthouse 5 5 0/2000  Custom_ESLighthouse 18 4 0"
			}
		},
		{
			"LogName": "Beatrice Summer",
			"Action": "EditData",
			"Target": "Characters/Dialogue/Beatrice",
			"Entries": {
				"Resort_Entering": "What a lovely place!",
				"Resort_Leaving": "'Til we meet again, I bid you au revoir, ile juste!",
				"Resort_Shore": "Sacre bleu! The water, she is chilling me toes!",
				"Resort_Umbrella": "I do 'ope everything is well at home.",
				"Resort_Wander": "These parrots, they are beautiful!",
				"Resort_Bar": "Merci, Gus. Will you join me for a drink, @?",
				"Resort": "My Raoul would so have loved this place. Ah, he had an adventuring 'eart, 'e did."
			}
		},
		{
			"LogName": "Nagito",
			"Action": "EditData",
			"Target": "Characters/schedules/Nagito",
			"When": {
				"HasMod": "Lavender.Nagito"
			},
			"Entries": {
				"spring": "700 NagitoCottage 11 5 0/800 Custom_EastScarpe 15 107 2 nagito_read/1700 NagitoCottage 5 5 2/2300 NagitoCottage 1 6 0 nagito_sleep",
				"summer": "700 NagitoCottage 11 5 0/800 Custom_EastScarpe 15 107 2 nagito_read/1700 NagitoCottage 5 5 2/2300 NagitoCottage 1 6 0 nagito_sleep",
			}
		},
		{
			"LogName": "Adds warp to ES from Cottage interior",
			"Action": "EditMap",
			"Target": "Maps/NagitoCottage",
			"MapProperties": {
				"Warp": "7 12 Custom_EastScarpe 4 97 8 12 Custom_EastScarpe 4 97"
			},
			"When": {
				"HasMod": "Lavender.Nagito"
			}
		},
		//NPC for visiting "When": {"HasFlag":"Capsule_Broken"}
		//Lewis Visits............................................................... 
		{
			"Action": "EditData",
			"Target": "Data/Events/Farm",
			"Entries": {
				"57873000/j 153/z summer/z winter/z spring/u 28/Hn Oliver_Meet/Hn Josephine_Meet/t 600 900": "continue/64 15/farmer 64 16 2 Lewis 64 18 0/addConversationTopic Josephine_Arrives 1/addConversationTopic Josephine_Introduction 7/pause 1500/speak Lewis \"Good morning, @. I'm pleased to have caught you at home.#$b#I have a very important task for you.\"/pause 500/emote farmer 8/pause 1500/speak Lewis \"The Governor is sending his wife and son to stay here, in Pelican Town!$1\"/pause 500/jump farmer 3/emote farmer 16/pause 1500/speak Lewis \"Apparently the child's not well, and he's hoping the country air will help. Poor kid...$2#$b#But what an opportunity for us!$1\"/emote farmer 60/speak Lewis \"They're moving into East Scarpe Inn for the winter, and I'm relying on you, @, to help make them feel welcome.#$b#What do you say?\"/pause 500/emote farmer 40/quickQuestion #Of course I will!#I'm busy enough.#Isn't that your job?#What's in it for me?(break)emote Lewis 24\\pause 1000\\speak Lewis \"Excellent. I knew I could rely on you, @!\"(break)emote Lewis 40\\pause 500\\speak Lewis \"Oh yes, I completely understand! But there's always time for a little neighborly friendliness, right?\"(break)emote Lewis 28\\pause 500\\speak Lewis \"Well...yes. But all of us have our part to play.$4\"(break)emote Lewis 12\\speak Lewis \"The satisfaction of being a good neighbor. Isn't that reward enough?\"/pause 1000/speak Lewis \"Anyway, @, I'm sure you'll do Pelican Town proud.\"/pause 1500/faceDirection Lewis 2/emote farmer 28/pause 1000/end"
			}
		},
		/* Event Key:
				57870000+ = Jacob and Eloise
				57871000+ = Aideen
				57872000+ = Lexi
				57873000+ = Oliver and Josephine
				57874000+ = Rosa
				*/
	]
}