{
    "Format": "1.19.0",
    "DynamicTokens": [
        {
            "Name": "RivalHearts",
            "Value": true
        },
        {
            "Name": "RivalHearts",
            "Value": false,
            "When": {
                "Spouse": "Shane"
            }
        },
        {
            "Name": "RivalHearts",
            "Value": false,
            "When": {
                "Spouse": "MisterGinger"
            }
        }
    ],
    "ConfigSchema": {
        "TristanVariant": {
            "AllowValues": "light, dark, auburn",
            "Default": "auburn",
            "AllowBlank": false
        }
    },
    "Changes": [
        //Map Data
        {
            "Action": "EditData",
            "Target": "Data/Locations",
            "Entries": {
                "FairyPool": "257 .5 404 .25 16 .8/259 .9 420 .25/281 .5 404 .6 420 .2/283 .9/734 -1 142 -1 143 -1/734 -1 142 -1 143 -1/734 -1 142 -1 143 -1/734 -1 142 -1 143 -1/390 .25 471 0.75 330 1 ",
                "SecretCave": "-1/-1/-1/-1/153 -1 795 -1/153 -1 795 -1/153 -1 795 -1/153 -1 495 -1/471 0.75 390 .25"
            },
            "When": {
                "HasMod |contains=MoreFish": false
            }
        },
        {
            "Action": "EditData",
            "Target": "Data/Locations",
            "Entries": {
                "FairyPool": "257 .5 404 .25 16 .8/259 .9 420 .25/281 .5 404 .6 420 .2/283 .9/734 -1 142 -1 143 -1 1122 -1 1077 -1/734 -1 142 -1 143 -1 1123 -1 1082 -1/734 -1 142 -1 143 -1 1121 -1 1078 -1/734 -1 142 -1 143 -1 1127 -1 1128 -1 1079 -1 1081 -1/471 0.75 390 .25 330 1",
                "SecretCave": "-1/-1/-1/-1/153 -1 795 -1/153 -1 795 -1/153 -1 795 -1/153 -1 795 -1/471 0.75 390 .25"
            },
            "When": {
                "HasMod |contains=MoreFish": true
            }
        },
        //Strings in cave
        {
            "Action": "EditData",
            "Target": "Strings/StringsFromMaps",
            "Entries": {
                "FairyPool.001": "There's something carved into the wood here: ^ \"M na < Tri t n 4ever\"",
                "TristanMemorial.001": "In Memory of Tristan. Goodbye, my love... I wish you had got to meet her. You will live forever in our hearts.",
                "SecretCave.001": "It's locked: there's a keyhole in the side.",
                "SecretCave.002": "It's bolted tightly shut. I wonder why it's here?",
                "SecretCave.003": "This seems to be a garden: of toadstools and nightshade. Why would anyone be growing these?",
                "SecretCave.004": "They look like journals or notebooks, but humidity has swollen the pages and they reek of mildew; the handwriting inside cannot be read.",
                "SecretCave.005": "Smells a little like honey and fermented berries. Quite a pleasant aroma.",
                "SecretCave.006": "It's an old newspaper article, faded and yellowed with age, and curled at the edges.^:\"Stardew Valley Tribune, almost a decade ago: Stardew Search and Rescue have called off a search for missing Pelican Town resident, Tristan (18), three days after he failed to return from a spelunking expedition.^^Tristan, and his girlfriend, Mona, were last seen together on sunday morning, when they are believed to have entered Pelican Town's extensive cave system. Close to midnight, Mona arrived home in what her guardian described as 'a confused and bewildered state'. She is currently receiving medical care for mild hypothermia. \"I don't know what's wrong with her,\" a friend - who wished to remain anonymous - informed us. \"She kept whispering, over and over again, 'I should never have left the cat...' but she doesn't even like cats!\"^The words \"I'm sorry\" are scrawled across it in red crayon.",
                "SecretCave.007": "(Pages torn from a notebook): ^The curse was meant for me. I know it! Triss saved my life AND that of our baby. If it had hit me, would I have had kittens?^^And I just left him there, alone. But nobody believed me. The doctor said I was delirious. That I must have hit my head. And Shane's the absolute WORST!! He's determined to hate Triss. Even though he'd never leave me on purpose. He didn't know! I didn't even know! Yoba, like I would've gone into the caves if I'd known? Why won't anyone believe me?\"^^(There's some very angry crossing out here.) \"What am I supposed to do? Is he still alive? Does he even remember me?^^I found something, in those books I 'borrowed' from (some angry scribbling out) the wizard (yeh, like he wants anything to do with me).^ If I can find Triss again, there's a counterspell. It's totally corny. Real fairy tale nonsense: not QUITE as bad as True Love's Kiss (TM) (although that might work too) but it still involves love. And the help of the fairies. So something to attract their attention? A scent, perhaps? Maybe one of those stones made from their crushed bones? (or would that just piss them off??).^ And it'll only work at midnight because spells are dumb like that.^^It's all academic anyway, I can't turn him back if I can't find him, and what am I going to do? Adopt every ginger cat in the entire countryside? Then bring them back here and toss them in the pool and hope for the best??!^Cats have good homing instinct don't they? If he remembers who he was, maybe he'll come back to us. IF he remembers... pretty big if, if you ask me.",
                "WizardHouseTristan.1": "To break an enchantment requires Love, and tribute to symbolize whom cast it, whom seeks to break it, and a focus of arcane and magical energies. At midnight, beneath the moon's watchful gaze, when the veil between what is real and surreal grows thin, cast the tribute into the catalyst. Let he who has been enchanted enter the waters and all shall be decided.",
                "TristanHouse.1": "A game of checkers in progress. White appears to be winning.",
                "TristanHouse.2": "The fridge is packed full of packaged food, all carefully labelled with heating instructions. It looks like Marnie's handwriting.",
                "TristanHouse.3": "It's a remarkably good likeness.",
                "TristanHouse.4": "There are notches in the blade, like someone's been keeping tally of their victories.",
                "TristanHouse.5": "Looks like Tristan's been playing computer games.",
                "TristanHouse.6": "A mix of children's classics and fantasy novels. Pages are dog-eared and covers bent. These are books that have been loved.",
            }
        },
        {
            "LogName": "FairyPool Events",
            "Action": "Load",
            "Target": "Data/Events/FairyPool",
            "FromFile": "assets/Data/FairyPool.json"
        },
        {
            "LogName": "Secret Cave Events",
            "Action": "Load",
            "Target": "Data/Events/SecretCave",
            "FromFile": "assets/Data/SecretCave.json"
        },
   
        {
            "LogName": "Patches that damned table",
            "Action": "EditMap",
            "Target": "Maps/WizardHouse",
            "FromFile": "assets/Maps/KarmyllaTable.tmx",
            "ToArea": {
                "X": 5,
                "Y": 6,
                "Width": 1,
                "Height": 1
            },
            "When": {
                "HasMod |contains=Karmylla.ImmersiveMaps": true,
                "HasMod |contains=Wolf.RomRas": false
            }
        },
        {
            "Action": "EditMap",
            "Target": "Maps/WizardHouse",
            "FromFile": "assets/Maps/TristanBook.tmx",
            "ToArea": {
                "X": 12,
                "Y": 15,
                "Width": 1,
                "Height": 1
            },
            "When": {
                "HasSeenEvent": "5295006",
                "HasSeenEvent |contains=5295000": false
            }
        },
        {
            "LogName": "Question Dialogue",
            "Action": "EditData",
            "Target": "Characters/Dialogue/MisterGinger",
            "Entries": {
                "BreakSpell_Yes1": "Thanks @. I knew I could rely on you!$4",
                "BreakSpell_Yes2": "Yeh, I know. It's a pretty big change for me too. Literally!$3#$b#No more napping all day in a sunbeam! But it'll be worth it, you'll see!$4",
                "BreakSpell_No": "Oh...$2"
            }
        },
        //Temp Actors 
        {
            "Action": "Load",
            "Target": "Characters/Tristan",
            "FromFile": "assets/Characters/{{TristanVariant}}/MisterGinger_TrissSwim.png"
        },
        {
            "Action": "Load",
            "Target": "Portraits/Tristan",
            "FromFile": "assets/Portraits/{{TristanVariant}}/Tristan_swim.png"
        },
        {
            "Action": "Load",
            "Target": "Characters/MonaCute",
            "FromFile": "assets/TempActors/Cute_Mona.png"
        },
        {
            "Action": "Load",
            "Target": "Characters/TristanCute",
            "FromFile": "assets/TempActors/Cute_Tristan_{{TristanVariant}}.png"
        },
        {
            "Action": "Load",
            "Target": "Characters/GingerCute",
            "FromFile": "assets/TempActors/Cute_Ginger.png"
        },
        {
            "Action": "Load",
            "Target": "Characters/WitchCute",
            "FromFile": "assets/TempActors/Cute_Witch2.png"
        },
        {
            "Action": "Load",
            "Target": "Characters/JasCute",
            "FromFile": "assets/TempActors/Cute_Jas.png"
        },
        {
            "Action": "Load",
            "Target": "Characters/MarnShane",
            "FromFile": "assets/TempActors/Cute_MarnShane.png"
        },
        {
            "Action": "Load",
            "Target": "Characters/MarnCute",
            "FromFile": "assets/TempActors/Cute_Marnie.png"
        },
        {
            "Action": "Load",
            "Target": "Characters/MtFire",
            "FromFile": "assets/TempActors/fire.png"
        },
        {
            "Action": "Load",
            "Target": "Maps/MtEvermore",
            "FromFile": "assets/Maps/MtEvermore.tmx"
        },
        {
            "Action": "Load",
            "Target": "Maps/MtCabin",
            "FromFile": "assets/Maps/MtCabin.tmx"
        },
        {
            "Action": "Include",
            "FromFile": "assets/Events.json"
        },
        {
            "Action": "Include",
            "FromFile": "assets/RivalHearts.json",
            "When": {
                "RivalHearts": true,
                "HasSeenEvent": "5295000"
            }
        },
        /*  Event IDs:
    50706128/50706129: Picnic invite and picnic
    5295000:    transformation scene:
    5295001:    follow-up
    5295002:	Shane and Tristan confrontation
    5295003:    Mr Ginger tells his story
    5295004:	Shane and Tristan RH1
    5295005:    Evelyn
    5295006:    Wizard
    5295007:    Witch 1
    5295008:    Witch 2
    5295009:    Sends letter for Willy invite
    5295010:    Willy
    5295011/5295012: Invite to Mt Evermore/Hike
    5295020:    Shane and Mr Ginger (In MisterGinger mod)
    5295013:    Shane and Tristan RH - Tristan has concussion
    5295014:    Shane and Tristan - Shane asks farmer for advice 
    5295015:    Shane and Tristan RH (Date invititation)
    5295016:    Tristan for if you are married to Shane
*/
        {
            "Action": "Include",
            "FromFile": "assets/Conversation.json"
        },
        //Tristan Restored
        {
            "LogName": "Tristan NPCD",
            "Action": "EditData",
            "Target": "Data/NPCDispositions",
            "Entries": {
                "MisterGinger": "adult/rude/outgoing/neutral/male/datable/null/Town/summer 20/Jas 'daughter' Jacob ''/Custom_ESHouse1 23 4/Tristan"
            },
            "When": {
                "HasSeenEvent": "5295000"
            }
        },
        {
            "LogName": "Tristan moves into AnimalShop if Shane married to farmer",
            "Action": "EditData",
            "Target": "Data/NPCDispositions",
            "Fields": {
                "MisterGinger": {
                    "10": "AnimalShop 27 4"
                }
            },
            "When": {
                "Spouse": "Shane",
                "HasSeenEvent": "5295000"
            }
        },
        {
            "LogName": "NPC Gift Tastes",
            "Action": "EditData",
            "Target": "Data/NPCGiftTastes",
            "Entries": {
                "MisterGinger": "Ah, you know me so well, @. I love it, and you're awesome./202 212 198 227 267 424 426 715 440/Ooh, a gift for me? This is great!/-4 195 209 228 444 732/What am I supposed to do with this?/684 685/Now you're just making fun of me./-26/A gift? Why, thank you.//"
            },
            "When": {
                "HasSeenEvent:hostPlayer": "5295000"
            }
        },
        //If Mr Ginger Uninstalled:
        {
            "LogName": "Loads the char if Mr Ginger uninstalled",
            "Action": "Include",
            "FromFile": "assets/NoMrG.json",
            "When": {
                "HasSeenEvent:hostPlayer": "5295000",
                "HasMod |contains=LemurKat.Mr.Ginger.NPC": false
            }
        },
        //Edits Dialogue
        {
            "LogName": "Dialogues",
            "Action": "Include",
            "FromFile": "assets/Dialogue.json",
            "When": {
                "HasSeenEvent:hostPlayer": "5295000"
            }
        },
        {
            "LogName": "Edits sprites",
            "Action": "EditImage",
            "Target": "Characters/MisterGinger",
            "FromFile": "assets/Characters/{{TristanVariant}}/Tristan.png",
            "When": {
                "HasSeenEvent:hostPlayer": "5295000",
                "HasMod |contains=LemurKat.Mr.Ginger.NPC": true
            }
        },
        {
            "LogName": "Edits portraits",
            "Action": "EditImage",
            "Target": "Portraits/MisterGinger",
            "FromFile": "assets/Portraits/{{TristanVariant}}/Tristan.png",
            "When": {
                "HasSeenEvent:hostPlayer": "5295000",
                "HasMod |contains=LemurKat.Mr.Ginger.NPC": true
            }
        },
        {
            "LogName": "Animations",
            "Action": "EditData",
            "Target": "Data/animationDescriptions",
            "Entries": {
                "misterginger_knit": "0/16 16 16 16 16 17 17 17 17/0",
                "misterginger_sleep": "18/18/18"
            }
        },
        {
            "LogName": "Rainy Day Dialogue Tristan",
            "Action": "EditData",
            "Target": "Characters/Dialogue/rainy",
            "Entries": {
                "MisterGinger": "Nope, I'm not a fan of the rain. Still, a good excuse to stay inside and sleep, right?"
            },
            "When": {
                "HasSeenEvent": "5295000"
            }
        },
        {
            "Action": "Include",
            "FromFile": "assets/EastScarpe.json",
            "When": {
                "HasSeenEvent": "5295000",
                "Spouse |contains=Shane": false
            }
        },
        // makes changes if farmer married to Shane, in which case:
        {
            "LogName": "If Shane is spouse",
            "Action": "Include",
            "FromFile": "assets/AnimalShop.json",
            "When": {
                "HasSeenEvent": "5295000",
                "Spouse": "Shane"
            }
        },
        //Festivals
        {
            "Action": "EditData",
            "Target": "Data/Festivals/winter25",
            "Entries": {
                "MisterGinger": "I hope Jas likes the present I got her... I've never been able to buy her books before."
            },
            "When": {
                "HasSeenEvent": "5295000"
            }
        },
        {
            "Action": "EditData",
            "Target": "Data/Festivals/winter8",
            "Entries": {
                "MisterGinger": "Fur was warmer on a day like this!#$b#Come, join us, Linus knows some pretty good yarns."
            },
            "When": {
                "HasSeenEvent": "5295000"
            }
        },
        {
            "Action": "EditData",
            "Target": "Data/Festivals/fall27",
            "Entries": {
                "MisterGinger": "Don't tell Marnie, but as soon as she's distracted by the Mayor and his \"important duties\", Jas and me are gonna sneak into the maze.$3#$b#The golden pumpkin shall be ours!$1"
            },
            "When": {
                "HasSeenEvent": "5295000"
            }
        },
        {
            "Action": "EditData",
            "Target": "Data/Festivals/fall27",
            "Entries": {
                "MisterGinger": "Don't tell Marnie, but as soon as she's distracted by her warrior-pirate, Jas and me are gonna sneak into the maze.$3#$b#The golden pumpkin shall be ours!$1"
            },
            "When": {
                "HasSeenEvent |contains=5295000": true,
                "HasSeenEvent |contains=50706110": true
            }
        },
        {
            "Action": "EditData",
            "Target": "Data/Festivals/summer11",
            "Entries": {
                "MisterGinger": "It's cooler here, with the wind in my face and the taste of salt on my tongue... "
            },
            "When": {
                "HasSeenEvent": "5295000"
            }
        },
        {
            "Action": "EditData",
            "Target": "Data/Festivals/summer28",
            "Entries": {
                "MisterGinger": "Romantic? Well, I suppose it might be if the whole town hadn't come down to watch them.#$b#Okay, I admit it, they're kinda pretty.#$b#Perhaps we could sneak away somewhere?"
            },
            "When": {
                "HasSeenEvent": "5295000",
                "Relationship:MisterGinger": "Engaged, Married"
            }
        },
        {
            "LogName": "Marriage Flower Dance Accept",
            "Action": "EditData",
            "Target": "Strings/StringsFromCSFiles",
            "Entries": {
                "Event.cs.1632": "There's only one person here I'd like to dance with.$2#$b#It's you, of course!$1"
            },
            "When": {
                "HasSeenEvent": "5295000",
                "Relationship:MisterGinger": "Married"
            }
        },
        {
            "Action": "EditData",
            "Target": "Data/Festivals/spring24",
            "Entries": {
                "MisterGinger": "If you wanna dance with me, better get in quick! Pretty sure Abigail's got her eyes on me.$4"
            },
            "When": {
                "HasSeenEvent": "5295000"
            }
        },
  {
            "Action": "EditData",
            "Target": "Data/Festivals/spring24",
            "Entries": {
                "MisterGinger": "Oh, I don't think Shane and me are up for dancing together yet... Maybe later, you know!$4"
            },
            "When": {
                "HasSeenEvent": "5295016"
            }
        },
      
      
        //Secret Notes
        {
            "Action": "EditImage",
            "Target": "TileSheets/SecretNotesImages",
            "FromFile": "assets/Data/SecretNote_752.png",
            "FromArea": {
                "X": 0,
                "Y": 0,
                "Width": 64,
                "Height": 64
            },
            "ToArea": {
                "X": 0,
                "Y": 192,
                "Width": 64,
                "Height": 64
            }
        },
        {
            "LogName": "SecretNotes",
            "Action": "EditData",
            "Target": "Data/SecretNotes",
            "Entries": {
                "752": "!image 12"
            }
        },
        {
            "LogName": "SecretNotes",
            "Action": "EditData",
            "Target": "Data/SecretNotes",
            "Entries": {
                "753": "(A page torn from a diary):^Dear Triss,^I know you'll probably never read this, but I needed to write it down anyway... I'm sorry I left you. I panicked and ran. It was probably the most cowardly thing I've ever done. I tried to go back... but the path was blocked.^I love you, and I miss you. And I want you to know: You're gonna be a father. Yeh, that's right - you managed to leave me with one parting gift. A girl. She's due early summer.^I wish you could be here to meet her. I'm so scared to be doing this alone...^Love, your Mo.",
                "754": "(A page from M. Jasper's book):^Little is known about the beings commonly referred to as \"fairies\", although various sources - folklore and old songs - consider them to be beings of pure magic.^What my research does show, is the stone known as the \"fairy stone\" holds a higher concentration of energy than other gemstones of its mass.^Thus, I hypothesis that there may be some truth to the rumor of its origins."
            }
        },
     
        //Marriage
        {
            "LogName": "Engagement Dialogue",
            "Action": "EditData",
            "Target": "Data/EngagementDialogue",
            "Entries": {
                "MisterGinger0": "Living on the farm, eating cheese and fish each day, one of my favorite humans beside me...#$b#Yep, I'm excited to be your husband!$4",
                "MisterGinger1": "Oh, @. I'm so glad I found you. Living on your farm - with you! - it's going to be epic.$1"
            },
            "When": {
                "Relationship:MisterGinger": "Engaged, Married"
            }
        }
    ]
}