{
    "9": "GOTO winter", //change this one
    "23": "GOTO winter", //change this one
    "winter_15": "730 Town 46 36 3 square_3_3 \"Strings\\schedules\\Jasper:kid1_To1\"/1200 ArchaeologyHouse 4 11 0 \"Strings\\schedules\\Jasper:kid1_Ar1\"/1600 Beach 38 24 2 \"Strings\\schedules\\Jasper:kid1_nm\"/1800 BusStop -1 23 3",
    //The below are all from Babysitter and should be edited.
    "rain": "730 CommunityCenter 27 16 3/1300 CommunityCenter 8 5 0/1410 CommunityCenter 14 19 0/1700 CommunityCenter 24 17 0/2000 CommunityCenter 37 21 1 child_sleep",
    "fall_14": "730 AnimalShop 6 5 1/1050 SamHouse 2 16 0/1330 Town 47 89 0/1700 Town 34 97 0/2000 CommunityCenter 37 21 1 child_sleep",
    "Tue": "730 ArchaeologyHouse 19 12 3/1400 Town 83 98 3/1620 Town 17 90 3/1740 SamHouse 3 5 2/2000 SamHouse 9 22 1 child_sleep",
    "Wed": "GOTO Tue",
    "Fri": "GOTO Tue",
    "Sat": "730 Town 32 91 0/1200 Town 15 16 1 square_3_3/1700 Town 28 92 2/2000 SamHouse 9 22 1 child_sleep",
    "spring": "730 Forest 92 20 1/1200 Town 33 26 3/1600 Town 97 52 0/2000 CommunityCenter 37 21 1 child_sleep",
    "summer": "730 Beach 47 21 1/2000 CommunityCenter 37 21 1 child_sleep",
    "fall": "730 Town 34 79 0/1200 Town 63 15 2 wave_arms/1700 CommunityCenter 16 19 0/2000 CommunityCenter 37 21 1 child_sleep",
    "winter": "730 Town 34 79 0/1300 Town 55 104 1/1500 CommunityCenter 24 17 0/2000 CommunityCenter 37 21 1 child_sleep"
  
}