{
  "Shops": [
    /// start of block for each item shop. You can have as many of these as you want
    {
      "ShopName": "LexiShop",
      "CategoriesToSellHere": [],
      "PortraitPath": "assets/LexiVendor.png",
      "Quote": "Exchange sweet things for treasures from deep, yes?",
      "MaxNumItemsSoldInStore": 12,
      "ItemStocks": [
        ///start of block for each itemstock. Each shop can have as many of these as you want
        {
          "ItemType": "Object",
          "StockCurrencyStack": 1,
          "StockItemCurrency": "Blueberry",
          "StockPrice": 0,
          "ItemNames": [
            "Conch",
            "Cowrie",
            "Spider Conch",
            "Sand Bucks",
            "Kitten Paw",
            "Scallop",
            "Whelk",
            "Dotted Abalone",
            "Trumpet Shell",
            "Elephant Snail"
          ],
          "MaxNumItemsSoldInItemStock": 3
        },
        ///end of block for each itemstock.
        {
          "StockCurrencyStack": 1,
          "StockItemCurrency": "Cranberries",
          "StockPrice": 0,
          "ItemType": "Object",
          "ItemNames": [
            "Seaweed",
            "Driftwood",
            "Clam",
            "Oyster",
            "Cockle",
            "Mussel",
            "Shrimp"
          ],
          "MaxNumItemsSoldInItemStock": 2
        },
        {
          "StockCurrencyStack": 1,
          "StockItemCurrency": "Strawberry",
          "StockPrice": 0,
          "Stock": 4,
          "ItemType": "Object",
          "ItemNames": [
            "Seaweed",
            "Squid Ink",
            "Coral",
            "Sea Urchin",
            "Nautilus Shell",
            "Rainbow Shell",
            "Nautilus Fossil",
            "Crab",
            "Lobster",
            "Lucky Marine"
          ],
          "MaxNumItemsSoldInItemStock": 3
        },
        {
          "StockCurrencyStack": 1,
          "StockItemCurrency": "Melon",
          "StockPrice": 0,
          "Stock": 1,
          "ItemType": "Object",
          "ItemNames": [
            "Dolomite",
            "Ocean Stone",
            "Fairy Stone",
            "Artifact Trove"
          ],
          "MaxNumItemsSoldInItemStock": 1
        },
        {
          "StockCurrencyStack": 40,
          "Stock": 1,
          "StockItemCurrency": "Strawberry",
          "StockPrice": 0,
          "ItemType": "Object",
          "ItemNames": [
            "Treasure Chest"
          ],
          "When": [
            "z spring/z winter/z fall"
          ]
        },
        {
          "StockCurrencyStack": 20,
          "StockItemCurrency": "Strawberry",
          "StockPrice": 0,
          "Stock": 1,
          "ItemType": "Object",
          "ItemNames": [
            "Pearl"
          ],
          "When": [
            "z spring/z summer/z fall"
          ]
        }
      ],
      "When": [
        "e 57872007/d Mon Tue Wed Thu Fri Sun/t 1000 2000"
      ],
      "ClosedMessage": "Lexi is not trading today."
    },
    /// end of block for each item shop.
    {
      "ShopName": "JessieShop",
      "CategoriesToSellHere": [],
      "PortraitPath": "assets/JessieVendor.png",
      "Quote": "Is there anything you need today, @?",
      "MaxNumItemsSoldInStore": 10,
      "When": [
        "t 1100 1300"
      ],
      "ItemStocks": [
        {
          "StockPrice": 200,
          "Stock": 3,
          "ItemType": "Object",
          "ItemNames": [
            "Poppy"
          ]
        },
        {
          "StockPrice": 100,
          "Stock": 5,
          "ItemType": "Object",
          "ItemNames": [
            "Ginger",
            "Rhubarb Seeds"
          ]
        },
        {
          "StockPrice": 60,
          "Stock": 10,
          "ItemType": "Object",
          "ItemNames": [
            "Poppy Seeds"
          ]
        },
        {
          "StockPrice": 70,
          "Stock": 5,
          "ItemType": "Object",
          "ItemNames": [
            "Garlic Seeds"
          ],
          "When": [
            "y 2"
          ]
        },
        {
          "StockPrice": 100,
          "Stock": 5,
          "ItemType": "Object",
          "ItemNames": [
            "Aloe Pod Seeds",
            "Elderberry Seeds",
            "Licorice Root Seeds"
          ],
          "MaxNumItemsSoldInItemStock": 1
        },
        {
          "StockPrice": 30,
          "Stock": 5,
          "ItemType": "Object",
          "ItemNames": [
            "Rosemary Seeds",
            "Thyme Seeds",
            "Fennel Seeds",
            "Parsley Seeds",
            "Oregano Seeds",
            "Ginger Seeds"
          ],
          "MaxNumItemsSoldInItemStock": 3
        }
      ],
      "ClosedMessage": "Sorry, we are closed. Please come again tomorrow."
    },
    {
      "ShopName": "ESInnShop",
      "CategoriesToSellHere": [],
      "PortraitPath": null,
      "Quote": "Hello there. How can I help you",
      "MaxNumItemsSoldInStore": 5,
      "When": [
        "NPCAt ItsBenterMichal 45 27"
      ],
      "ItemStocks": [
        {
          "ItemType": "Object",
          "IsRecipe": "true",
          "StockPrice": 1250,
          "ItemNames": [
            "Scarp Warp Totem"
          ]
        },
        {
          "ItemType": "Object",
          "Stock":1,
          "StockPrice": 250,
          "ItemNames": [
            "Scarp Warp Totem"
          ]
        },
        {
          "StockPrice": 100,
          "Stock": 1,
          "ItemType": "Object",
          "ItemNames": [
            "Bread"
          ]
        },
        {
          "StockPrice": 200,
          "Stock": 1,
          "ItemType": "Object",
          "ItemNames": [
            "Coffee",
            "Cookie"
          ]
        },
      ],
      "ClosedMessage": "Sorry, Michal isn't here right now. Try again later."
    },
    {
      "ShopName": "ESCoffeeShop",
      "CategoriesToSellHere": [],
      "PortraitPath": "assets/RosaVendor.png",
      "Quote": "Howdy! What can I do you for today?",
      "MaxNumItemsSoldInStore": 5,
      "When": [
        "NPCAt Rosa 22 100"
      ],
      "ItemStocks": [
        {
          "StockPrice": 100,
          "Stock": 1,
          "ItemType": "Object",
          "ItemNames": [
            "Bread"
          ]
        },
        {
          "StockPrice": 200,
          "Stock": 1,
          "ItemType": "Object",
          "ItemNames": [
            "Coffee",
            "Cookie",
	    "Ice Cream"
          ]
        },
        {
          "StockPrice": 400,
          "Stock": 1,
          "ItemType": "Object",
          "ItemNames": [
            "Poppyseed Muffin",
            "Maple Bar",
            "Blackberry Cobbler",
            "Rhubarb Pie",
            "Blueberry Tart",
            "Plum Pudding",
            "Pink Cake"
          ],
          "MaxNumItemsSoldInItemStock": 1
        }
      ],
      "ClosedMessage": "Sorry, Rosa's not here right now. Try again later."
    }
  ]
}