{
    "Changes": [
        {
            "LogName": "NPC Manifestation",
            "Action": "EditData",
            "Target": "Data/NPCDispositions",
            "Entries": {
                "ProfSnail": "adult/polite/outgoing/positive/male/not-datable/null/other///IslandFieldOffice 4 5/Prof.Snail"
         
            }
        },
        {
            "LogName": "NPC Gift Tastes",
            "Action": "EditData",
            "Target": "Data/NPCGiftTastes",
            "Entries": {
                "ProfSnail": "Excellent! I'm absolutely chuffed to receive this./604 107 557 586 827 828/Fantastic! Exactly what I needed./-2 116 -23 -12 579 580 581 582 583 584 585 586 587 588 589 820 821 822 823 824 825 826/Oh... this is unfortunate./154/Jolly wretched!/404/You're a decent chap.^You're a decent lass./-4/",
         
            }
        },
        {
            "LogName": "Antisocial NPCs",
            "Action": "EditData",
            "Target": "Data/AntiSocialNPCs",
            "Entries": {
                "ProfSnail": true
            },
            "When": {
                "HasSeenEvent |contains=55994404": false
            }
        },
        {
            "Action": "EditData",
            "Target": "Data/CustomNPCExclusions",
            "Entries": {
                "ProfSnail": "All"
            }
        },
        {
            "LogName": "Snail Sprites",
            "Action": "Load",
            "Target": "Characters/ProfSnail",
            "FromFile": "assets/Characters/ProfessorSnail.png"
        },
        {
            "LogName": "Snail Portraits",
            "Action": "Load",
            "Target": "Portraits/ProfSnail",
            "FromFile": "assets/Portraits/ProfessorSnail.png"
        },
        {
            "LogName": "Disguises orighinal Snail sprites",
            "Action": "EditImage",
            "Target": "Characters/SafariGuy",
            "FromFile": "assets/Characters/blank.png"
        },
        {
            "LogName": "Snail Schedule",
            "Action": "Load",
            "Target": "Characters/schedules/ProfSnail",
            "FromFile": "assets/Schedule/ProfessorSnail.json"
        },
        {
            "LogName": "Snail Schedule",
            "Action": "EditData",
            "Target": "Characters/schedules/ProfSnail",
            "Entries": {
                "spring":"610 IslandFieldOffice 4 5 2/800 IslandFieldOffice 2 4 3/1000 IslandNorth 40 29 square_8_8/1400 IslandNorth 63 17 0/1600 IslandFieldOffice 4 8 0/1900 IslandFieldOffice 4 5 2"
            },
            "When": {
                "HasSeenEvent":"5599404"
            }
        },
        {
            "LogName": "Snail Dialogue",
            "Action": "Load",
            "Target": "Characters/Dialogue/ProfSnail",
            "FromFile": "assets/Dialogue/ProfessorSnail.json"
        },
        {
            "LogName": "Island Field Office Events",
            "Action": "Load",
            "Target": "Data/Events/IslandFieldOffice",
            "FromFile": "assets/blank.json"
        },
        {
            "LogName": "Island Field Office Events",
            "Action": "EditData",
            "Target": "Data/Events/IslandFieldOffice",
            "Entries": {
                "5599404": "continue/4 9/ProfSnail 4 5 2 farmer -100 -100 0 SafariGuy 8 6 2/skippable/pause 500/warp farmer 4 9/move farmer 0 -1 0/pause 500/pause 500/faceDirection farmer 3/pause 400/faceDirection farmer 1/jump farmer 3/move farmer 4 0 0/emote farmer 8/playSound parrot/pause 500/move ProfSnail 2 0 2/speak ProfSnail \"A handsome speciman, yes?\"/pause 500/move ProfSnail 0 2 2/faceDirection farmer 3/pause 500/speak ProfSnail \"Surprised to see me out from behind the desk?\"/move farmer -1 0 3/pause 500/emote farmer 56/pause 500/faceDirection ProfSnail 1/faceDirection farmer 0/speak ProfSnail \"I'd like to introduce you to Pythagoras.\"/playSound parrot/textAboveHead SafariGuy \"Hello!\"/pause 500/speak ProfSnail \"I found Pythagoras in the jungle one morning, exhausted. He's not a native parrot.$2#$b#I believe he must have flown the coop, so to speak.\"/textAboveHead SafariGuy \"Pieces of eight!\"/pause 500/speak ProfSnail \"Possibly from a pirate ship!$1\"/pause 500/faceDirection ProfSnail 2/speak ProfSnail \"His vocabulary is certainly rather colorful!$2\"/faceDirection farmer 3/speak ProfSnail \"Anyway, now that my collection is complete - thanks to you! - I've been requested to engage in a bit more fieldwork!$1#$b#So Pythagoras here will be holding the fort, as they say.\"/playSound parrot/textAboveHead SafariGuy \"Shiver me timbers!\"/speak ProfSnail \"Err, yes, shiver me timbers, indeed!$1\"/emote farmer 32/pause 1000/end"
            }
        },
        {
            "LogName": "Island Field Office Events",
            "Action": "EditData",
            "Target": "Strings/Locations",
            "Entries": {
                "IslandFieldOffice_Welcome_0": "Pieces of eight!",
                "IslandFieldOffice_Welcome_1": "Ahoy, me hearties!",
                "IslandFieldOffice_Welcome_2": "Tally ho!",
                "IslandFieldOffice_Welcome_3": "Shiver me timbers!"
            }
        },
        {
            "Action": "EditMap",
            "Target": "Maps/IslandFieldOffice",
            "MapTiles": [
                {
                    "Position": {
                        "X": 7,
                        "Y": 5
                    },
                    "Layer": "Buildings",
                    "SetProperties": {
                        "Action": "Say It's a water-damaged and battered copy of M. Jasper's 'Famous Journeys'"
                    }
                }
            ]
        }
    ]
}