{
  "Changes": [
    {
      "Action": "EditData",
      "Target": "Data/SpecialOrders",
      "When": {
        "HasFlag:hostPlayer": "Jasper_Penny"
      },
      "Entries": {
        "Lemurkat.SpecialOrders.JasperGeodes": {
          "Name": "[Lemurkat.SpecialOrders.JasperGeodes_Name]",
          "Requester": null,
          "Duration": "TwoWeeks",
          "Repeatable": "false",
          "RequiredTags": "!dropbox_GuntherBox, mail_guntherBones, event_55990006",
          "OrderType": "",
          "SpecialRule": "",
          "Text": "[Lemurkat.SpecialOrders.JasperGeodes_Text]",
          "ItemToRemoveOnEnd": null,
          "MailToRemoveOnEnd": null,
          "RandomizedElements": null,
          "Objectives": [
            {
              "Type": "Collect",
              "Text": "[Lemurkat.SpecialOrders.JasperGeodes_Objective_0_Text]",
              "RequiredCount": "20",
              "Data": {
                "AcceptedContextTags": "item_geode/item_frozen_geode/item_magma_geode"
              }
            },
            {
              "Type": "Donate",
              "Text": "[Lemurkat.SpecialOrders.JasperGeodes_Objective_1_Text]",
              "RequiredCount": "20",
              "Data": {
                "DropBox": "GuntherBox",
                "DropBoxGameLocation": "ArchaeologyHouse",
                "DropBoxIndicatorLocation": "6 8",
                "MinimumCapacity": "9",
                "AcceptedContextTags": "item_geode/item_frozen_geode/item_magma_geode"
              }
            }
          ],
          "Rewards": [
            {
              "Type": "Money",
              "Data": {
                "Amount": "2000"
              }
            },
            {
              "Type": "Mail",
              "Data": {
                "MailReceived": "Lemurkat.SpecialOrders.JasperGeodesMail",
                "NoLetter": "false"
              }
            }
          ]
        }
      }
    },
    {
      "Action": "EditData",
      "Target": "Data/SpecialOrders",
      "Entries": {
        "Lemurkat.SpecialOrders.JasperScrolls": {
          "Name": "[Lemurkat.SpecialOrders.JasperScrolls_Name]",
          "Requester": null,
          "Duration": "OneWeek",
          "Repeatable": "true",
          "RequiredTags": "event_50709915",
          "OrderType": "",
          "SpecialRule": "",
          "Text": "[Lemurkat.SpecialOrders.JasperScrolls_Text]",
          "ItemToRemoveOnEnd": null,
          "MailToRemoveOnEnd": null,
          "RandomizedElements": null,
          "Objectives": [
            {
              "Type": "Deliver",
              "Text": "[JasperScrolls_Objective_1_Text]",
              "RequiredCount": "1",
              "Data": {
                "AcceptedContextTags": "item_dwarf_scroll_I",
                "TargetName": "Jasper"
              }
            },
            {
              "Type": "Deliver",
              "Text": "[JasperScrolls_Objective_2_Text]",
              "RequiredCount": "1",
              "Data": {
                "AcceptedContextTags": "item_dwarf_scroll_II",
                "TargetName": "Jasper"
              }
            },
            {
              "Type": "Deliver",
              "Text": "[JasperScrolls_Objective_3_Text]",
              "RequiredCount": "1",
              "Data": {
                "AcceptedContextTags": "item_dwarf_scroll_III",
                "TargetName": "Jasper"
              }
            },
            {
              "Type": "Deliver",
              "Text": "[JasperScrolls_Objective_4_Text]",
              "RequiredCount": "1",
              "Data": {
                "AcceptedContextTags": "item_dwarf_scroll_IV",
                "TargetName": "Jasper"
              }
            }
          ],
          "Rewards": [
            {
              "Type": "Money",
              "Data": {
                "Amount": "1000"
              }
            },
            {
              "Type": "Mail",
              "Data": {
                "MailReceived": "Lemurkat.SpecialOrders.JasperScrollsMail",
                "NoLetter": "false"
              }
            }
          ]
        }
      }
    },
    {
      "Action": "EditData",
      "Target": "Strings/SpecialOrderStrings",
      "Entries": {
        //Geodes Order
        "Lemurkat.SpecialOrders.JasperGeodes_Name": "Geode Order",
        "Lemurkat.SpecialOrders.JasperGeodes_Text": "I require a selection of geodes for a geology lesson, and would deeply appreciate the delivery of 20 geodes to the Archaeology House.  Many thanks, M. Jasper (Prof).",
        "Lemurkat.SpecialOrders.JasperGeodes_Objective_0_Text": "Collect 20 Geodes.",
        "Lemurkat.SpecialOrders.JasperGeodes_Objective_1_Text": "Deposit 20 Geodes in the drop box at the museum counter.",
        //Scrolls Order
        "Lemurkat.SpecialOrders.JasperScrolls_Name": "Dwarven Scrolls",
        "Lemurkat.SpecialOrders.JasperScrolls_Text": "I current seek the mysteries of the dwarves and have heard that certain scrolls can be located deep in the mines. Please, if you have found any, I would deeply appreciate them for my research.            - M. Jasper (Prof).",
        "Lemurkat.SpecialOrders.JasperScrolls_Objective_0_Text": "Deliver a dwarf scroll with a red bow to Jasper",
        "Lemurkat.SpecialOrders.JasperScrolls_Objective_1_Text": "Deliver a dwarf scroll with a green ribbon to Jasper",
        "Lemurkat.SpecialOrders.JasperScrolls_Objective_3_Text": "Deliver a dwarf scroll with a blue rope to Jasper",
        "Lemurkat.SpecialOrders.JasperScrolls_Objective_4_Text": "Deliver a dwarf scroll with a gold chain to Jasper",
      }
    },
    {
      "Action": "EditData",
      "Target": "Data/Mail",
      "Entries": {
        "Lemurkat.SpecialOrders.JasperGeodesMail": "Dear @,^I am most grateful for your contribution. I hope the children will be delighted to discover the wonders that are hidden within the rock. Please feel free to drop by the Blacksmith during our Wednesday lesson.^Please find included a token of appreciation.^^   - M. Jasper (Prof).%item bigobject 21 %%[#]Geode Order Thank You",
        "Lemurkat.SpecialOrders.JasperScrollsMail": "Dear @,^Thank you so much for those scrolls. I am confident that they shall yield many revelations. Please accept this small gifts as a token of gratitude; they are rumored to be a Dwarven delicacy.^^  - M. Jasper (Prof.)%item object 554 5%%[#]Scrolls Order Thank You",
      }
    },
    {
      "LogName": "Schedule",
      "Action": "Load",
      "Target": "Data/Events/Blacksmith",
      "When": {
        "HasMod |contains=FlashShifter.StardewValleyExpandedCP, Arknir.Lucikiel, aeki.ByeByeClintHelloClarice": false
      },
      "FromFile": "assets/Blank.json"
    },
    { //Blacksmith event
      "Action": "EditData",
      "Target": "Data/Events/Blacksmith",
      "Entries": {
         "55990050/n Lemurkat.SpecialOrders.JasperGeodesMail/d Mon Tue Thu Fri Sat Sun/t 1000 1600": "archaeo/7 13/farmer -100 -100 0 Jas 8 14 0 Vincent 7 14 0 Jasper 5 11 2/addTemporaryActor Clint 32 48 8 12 3/skippable/animate Clint true true 120 8 8 8 8 8 8 8 8 9 10 11 12 8 8 8 8 8 8 8 8 8 8 8/warp farmer 5 19/move farmer 0 -4 1 true/pause 800/playSound crafting/pause 120/stopAnimation Clint/extendSourceRect Clint reset/showFrame Clint 4/speak Clint \"{{i18n:55990050.01}}\"/faceDirection Jasper 2/emote Jasper 32/jump Vincent 3/move Jas 0 1 3/faceDirection Vincent 3/speak Jas \"{{i18n:55990050.{{Blacksmith}}.02}}\"/pause 1000/faceDirection Jas 0/faceDirection Clint 2/emote Jas 20/pause 500/emote Clint 32/speed Vincent 3/move Vincent -1 0 2 true/speed Jas 3/move Jas -1 0 3 true/speak Vincent \"{{i18n:55990050.03}}\"/speak Jas \"{{i18n:55990050.04}}\"/move Jasper 0 3 1/faceDirection Vincent 3 true/faceDirection farmer 0 true/speak Jasper \"{{i18n:55990050.05}}\"/pause 500/faceDirection farmer 1/faceDirection Vincent 1/emote Jas 56/faceDirection Vincent 3/pause 500/textAboveHead Vincent \"Thanks!\"/textAboveHead Jas \"Thank you.\"/move Clint -1 0 2/faceDirection Vincent 0/move Jas 0 -1 0/speak Jas \"{{i18n:55990050.{{Blacksmith}}.06}}\"/emote Clint 60/speak Clint \"{{i18n:55990050.07}}\"/jump Vincent 3/faceDirection Vincent 1 true/faceDirection Jas 3 true/speak Vincent \"{{i18n:55990050.08}}\"/faceDirection Vincent 3/speak Vincent \"{{i18n:55990050.09}}\"/speak Jasper \"{{i18n:55990050.10}}\"/faceDirection Vincent 1/textAboveHead Vincent \"YAY!\"/pause 500/speak Jasper \"{{i18n:55990050.11}}\"/faceDirection Vincent 3/speak Vincent \"{{i18n:55990050.12}}\"/pause 500/faceDirection Jasper 0/speak Jasper \"{{i18n:55990050.{{Blacksmith}}.13}}\"/faceDirection Vincent 0 true/faceDirection Jas 0 true/emote Clint 28/pause 1000/speak Clint \"{{i18n:55990050.{{Blacksmith}}.14}}\"/jump Jasper 3/speak Jasper \"{{i18n:55990050.15}}\"/faceDirection Jasper 1/faceDirection Vincent 3 true/faceDirection Jas 3 true/pause 500/speak Jasper \"{{i18n:55990050.{{Blacksmith}}.16}}\"/speak Vincent \"{{i18n:55990050.{{Blacksmith}}.17}}\"/speak Jas \"{{i18n:55990050.18}}\"/faceDirection Jas 0/speak Jas \"{{i18n:55990050.{{Blacksmith}}.19}}\"/pause 1000/end",

      }
    }
  ]
}