{
    "Changes": [
    {
        "Action": "EditData",
        "Target": "Data/ObjectContextTags",
        "Entries": {
            "Golden Trout": "color_gold, fish_golden_trout, fish_lake",
            "Sockeye Salmon": "color_red, fish_sockeye_salmon, fish_lake",
        }
    },
    {
        "Action": "EditData",
        "Target": "Data/Fish",
        "Entries": {
            "{{spacechase0.jsonAssets/ObjectId:Sockeye Salmon}}": "Sockeye Salmon/80/dart/10/24/600 1900/summer fall winter/both/688 .45 685 .2/3/.2/.1/0",
            "{{spacechase0.jsonAssets/ObjectId:Golden Trout}}": "Sockeye Salmon/80/dart/10/24/1600 2200/spring summer fall/both/688 .45 685 .2/4/.2/.1/0",
        }
    },
    {
        "Action": "EditData",
        "Target": "Data/Locations",
        "Entries": {
            "Custom_ESDeepMountains": "-1/-1/-1/-1/{{spacechase0.jsonAssets/ObjectId:Golden Trout}} -1 269 -1/{{spacechase0.jsonAssets/ObjectId:Sockeye Salmon}} -1 {{spacechase0.jsonAssets/ObjectId:Golden Trout}} -1 269 -1/{{spacechase0.jsonAssets/ObjectId:Sockeye Salmon}} -1 {{spacechase0.jsonAssets/ObjectId:Golden Trout}} -1 269 -1/{{spacechase0.jsonAssets/ObjectId:Sockeye Salmon}} -1 {{spacechase0.jsonAssets/ObjectId:Golden Trout}} -1 269 -1/382 .06 582 .1 378 .1 102 .15 390 .25 330 1"
        }
    },
    { 
        "Action": "EditData",
        "Target": "Data/FishPondData",
        "Entries": {
            "fish_sockeye_salmon": {
                "RequiredTags": [
                    "fish_sockeye_salmon"
                ],
                "SpawnTime": -1,
                "ProducedItems": [
                    {
                        "RequiredPopulation": 9,
                        "Chance": 0.01,
                        "ItemID": 72,
                        "MinQuantity": 1,
                        "MaxQuantity": 1
                    },
                    {
                        "RequiredPopulation": 6,
                        "Chance": 0.02,
                        "ItemID": 80,
                        "MinQuantity": 1,
                        "MaxQuantity": 2
                    },
                    {
                        "RequiredPopulation": 0,
                        "Chance": 0.7,
                        "ItemID": 812,
                        "MinQuantity": 1,
                        "MaxQuantity": 1
                    }
                ],
                "PopulationGates": {
                    "2": [
                        "393 3",//what on earth are they going to ask for??
                        "397 2",
                        "84 2"
                    ],
                    "4": [
                        "536",
                        "392 2",
                        "283 3"
                    ],
                    "6": [
                        "394",
                        "414 3",
                        "80 5"
                    ],
                    "8": [
                        "542",
                        "397"
                    ]
                }
            }
        }
    },
    {
        "Action": "EditData",
        "Target": "Data/FishPondData",
        "MoveEntries": [
            {
                "ID": "fish_pearl_fish",
                "ToPosition": "Top"
            }
        ]
    }
]
}