{
    "Changes": [ //Karmylla's Immersive Maps, but not Stardew Reimagined2
        {
            "Action": "EditMap",
            "Target": "Maps/Town",
            "FromFile": "assets/Patches/ES_rev_karm.tmx",
            "ToArea": {
                "X": 109,
                "Y": 63,
                "Width": 11,
                "Height": 14
            },
            "When": {
                "HasMod |contains=DaisyNiko.SVR2": false,
                "HasMod |contains=Karmylla.ImmersiveMaps": true
            }
        },
        //Stardew Reimagined2 (over-rides Karmylla's if both installed and TownMap set to "default")
        {
            "Action": "EditMap",
            "Target": "Maps/Town",
            "FromFile": "assets/Patches/ES_REV_Reimagined2.tmx",
            "ToArea": {
                "X": 109,
                "Y": 63,
                "Width": 11,
                "Height": 14
            },
            "When": {
                "HasMod |contains=DaisyNiko.SVR2": true
            }
        },
        //Reimagined2 AND Karmylla's maps, Karmylla option selected
        {
            "Action": "EditMap",
            "Target": "Maps/Town",
            "FromFile": "assets/Patches/ES_rev_karm.tmx",
            "ToArea": {
                "X": 109,
                "Y": 63,
                "Width": 11,
                "Height": 14
            },
            "When": {
                "HasMod |contains=DaisyNiko.SVR2": true,
                "HasMod |contains=Karmylla.ImmersiveMaps": true,
                "TownMap": "karmylla"
            }
        },
        //Reimagined
        {
            "Action": "EditMap",
            "Target": "Maps/Town",
            "FromFile": "assets/Patches/ES_REV_Reimagined2.tmx",
            "ToArea": {
                "X": 109,
                "Y": 63,
                "Width": 11,
                "Height": 14
            },
            "When": {
                "HasMod |contains=DaisyNiko.StardewValleyReimagined": true,
                "TownMap": "default"
            }
        },
        {
            "LogName": "Removes treestump from Water Filled Gorge",
            "Action": "EditMap",
            "Target": "Maps/Mountain",
            "MapTiles": [
                {
                    "Position": {
                        "X": 93,
                        "Y": 35
                    },
                    "Layer": "Buildings",
                    "Remove": true
                }
            ],
            "When": {
                "HasMod": "megmom84.waterfilledgorge"
            }
        },
        {
            "LogName": "Adds warp to Mountain when Shortcuts installed",
            "Action": "EditMap",
            "Target": "Maps/Custom_EastScarpe",
            "MapTiles": [
                {
                    "Position": {
                        "X": 3,
                        "Y": 0
                    },
                    "Layer": "Back",
                    "SetProperties": {
                        "TouchAction": "LoadMap Mountain 92 40"
                    }
                },
                {
                    "Position": {
                        "X": 4,
                        "Y": 0
                    },
                    "Layer": "Back",
                    "SetProperties": {
                        "TouchAction": "LoadMap Mountain 92 40"
                    }
                }
            ],
            "When": {
                "HasMod": "SEnhanced.Shortcuts"
            }
        }
    ]
}