{
//"alsoLoad":["svefestival", "festival"],


    "spouseRooms": [
      
	{
      "name": "Jasper",
          "file": "assets/SpouseRoomJasper.tmx"
         
    }
  ], 

    "addMaps": [
          {
            "name": "Museum2",
            "file": "assets/Museum2.tbin" 
          }
      ],
    /*
       
    "mergeMaps": [
          {
            "name": "ArchaeologyHouse",
            "file": "assets/ArchaeologyHouse-staircaseKIM.tbin",
            "sourceArea": [ 0, 0, 6, 5 ],
            "position": [ 37, 0 ],
	"conditions": "LC Luau.hasMod('Karmylla.ImmersiveMaps')"
          },
  {
            "name": "ArchaeologyHouse",
            "file": "assets/ArchaeologyHouse-staircase.tbin",
            "sourceArea": [ 0, 0, 5, 5 ],
            "position": [ 38, 0 ],
	"conditions": "LC not Luau.hasMod('Karmylla.ImmersiveMaps')"
          }
  
        ],
  */
      
"onlyWarps":
   [
    {
      "name": "ArchaeologyHouse", 
      "addWarps": [
        "41 0 Museum2 19 18"
      ]
    }
  ]

 

    }
  