{
  "Format": "1.3",
  "Changes": [
    {
      "Target": "Data/CompanionDispositions",
      "FromFile": "assets/Data/CompanionDispositions.json",
      "LogName": "Jasper's CompanionDispositions"
    },
    {
      "Target": "Dialogue/Jasper",
      "FromFile": "assets/Dialogue/Jasper.json",
      "LogName": "Jasper's Dialogue"
    },
    {
      "Target": "Strings/Mail",
      "FromFile": "assets/Strings/Mail.json",
      "LogName": "Jasper's Mail"
    },
    {
      "Target": "Data/Buffs",
      "FromFile": "assets/Data/Buffs.json",
      "LogName": "Jasper's Buffs"
    },
    {
      "Target": "Data/AnimationDescriptions",
      "FromFile": "assets/Data/AnimationDescriptions.json",
      "LogName": "Jasper's AnimationDescriptions"
    },
    {
      "Target": "Data/IdleBehaviors",
      "FromFile": "assets/Data/IdleBehaviors.json",
      "LogName": "Jasper's IdleBehaviors"
    },
    {
      "Target": "Data/IdleNPCDefinitions",
      "FromFile": "assets/Data/IdleNPCDefinitions.json",
      "LogName": "Jasper's IdleNPCDefinitions"
    },
    {
      "Target": "Strings/Buffs",
      "FromFile": "assets/Strings/Buffdescriptions.json",
      "LogName": "Jasper's Buffdescriptions"
    },
    {
      "Target": "Strings/SpeechBubbles",
      "FromFile": "assets/Strings/SpeechBubbles.json",
      "LogName": "Jasper's SpeechBubbles"
    }
  ]
}