{
    "Changes": [
        //Jacob
        {
            "Action": "EditData",
            "Target": "Data/ConcessionTastes",
            "Entries": {
                "Jacob": {
                    "Name": "Jacob",
                    "LovedTags": [
                        "Fries",
                        "Cappuccino Mousse Cake"
                    ],
                    "LikedTags": [
                        "Salted Peanuts"
                    ],
                    "DislikedTags": [
                        "Kale Smoothie",
                        "JojaCorn"
                    ]
                },
                "Aideen": {
                    "Name": "Aideen",
                    "LovedTags": [
                        "Jasmine Tea",
                        "Panzanella Sandwich",
                        "Cappuccino Mousse Cake"
                    ],
                    "LikedTags": [
                        "Gourmet"
                    ],
                    "DislikedTags": [
                        "Rock Candy",
                        "Salted Peanuts"
                    ]
                },
                "Eloise": {
                    "Name": "Eloise",
                    "LovedTags": [
                        "Cotton Candy",
                        "Ice Cream Sandwich"
                    ],
                    "LikedTags": [
                        "Sweet"
                    ],
                    "DislikedTags": [
                        "Kale Smoothie",
                        "Black Licorice"
                    ]
                },
                "JosephineK": {
                    "Name": "JosephineK",
                    "LovedTags": [
                        "Stardrop Sorbet",
                        "Cappuccino Mousse Cake",
                        "Jasmine Tea"
                    ],
                    "LikedTags": [
                        "Healthy"
                    ],
                    "DislikedTags": [
                        "Cotton Candy",
                        "Jawbreaker"
                    ]
                },
                "OliverK": {
                    "Name": "OliverK",
                    "LovedTags": [
                        "Fries",
                        "Popcorn",
                        "Nachos",
                        "Personal Pizza"
                    ],
                    "LikedTags": [
                        "Salty",
                        "Healthy"
                    ],
                    "DislikedTags": [
                        "Sweet"
                    ]
                },
                "LexiMonster": {
                    "Name": "LexiMonster",
                    "LovedTags": [
                        "Stardrop Sorbet",
                        "Cotton Candy",
                        "Star Cookie"
                    ],
                    "LikedTags": [
                        "Sweet"
                    ],
                    "DislikedTags": [
                        "Kale Smoothie",
                        "Jawbreaker"
                    ]
                },
                "Rosa": {
                    "Name": "Rosa",
                    "LovedTags": [
                        "Cappuccino Mousse Cake",
                        "Salted Peanuts"
                    ],
                    "LikedTags": [
                        "Sweet",
                        "Sour Slimes",
                        "Healthy"
                    ],
                    "DislikedTags": [
                        "Kale Smoothie",
                        "Jasmine Tea"
                    ]
                }
            }
        },
        {
            "Action": "EditData",
            "Target": "Data/MoviesReactions",
            "Entries": {
                "Jacob": {
                    "NPCName": "Jacob",
                    "Reactions": [
                        {
                            "Tag": "spring_movie_1",
                            "Response": "like",
                            "Whitelist": [],
                            "SpecialResponses": {
                                "BeforeMovie": {
                                    "ResponsePoint": null,
                                    "Script": "",
                                    "Text": "Our natural history is sure to be interesting. I'm looking forward to this one.$1"
                                },
                                "DuringMovie": {
                                    "ResponsePoint": null,
                                    "Script": "/message \"(Jacob is smiling)\"",
                                    "Text": "It's a wonderful world, isn't it?"
                                },
                                "AfterMovie": {
                                    "ResponsePoint": null,
                                    "Script": "",
                                    "Text": "I'll have to take Ellie to see this sometime. She'd love it."
                                }
                            },
                            "ID": "reaction_1"
                        },
                        {
                            "Tag": "horror",
                            "Response": "dislike",
                            "Whitelist": [],
                            "SpecialResponses": {
                                "BeforeMovie": {
                                    "ResponsePoint": null,
                                    "Script": "",
                                    "Text": "I'm not a fan of this kind of movie."
                                },
                                "DuringMovie": {
                                    "ResponsePoint": null,
                                    "Script": "/message \"(Jacob looks bored)",
                                    "Text": ""
                                },
                                "AfterMovie": {
                                    "ResponsePoint": null,
                                    "Script": "",
                                    "Text": "Cheap jump scares and shaky cameras... no, I wasn't scared at all."
                                }
                            },
                            "ID": "reaction_2"
                        },
                        {
                            "Tag": "comedy",
                            "Response": "like",
                            "Whitelist": [],
                            "SpecialResponses": {
                                "BeforeMovie": {
                                    "ResponsePoint": null,
                                    "Script": "",
                                    "Text": "This looks ridiculous. Still, we could all do with a bit of fun, now and then, right?"
                                },
                                "DuringMovie": {
                                    "ResponsePoint": null,
                                    "Script": "",
                                    "Text": ""
                                },
                                "AfterMovie": {
                                    "ResponsePoint": null,
                                    "Script": "",
                                    "Text": "Oh yes, I was amused. I wonder if Ellie would enjoy it?"
                                }
                            },
                            "ID": "reaction_3"
                        },
                        {
                            "Tag": "winter_movie_1",
                            "Response": "love",
                            "Whitelist": [],
                            "SpecialResponses": {
                                "BeforeMovie": {
                                    "ResponsePoint": null,
                                    "Script": "",
                                    "Text": "Oh, this looks emotional."
                                },
                                "DuringMovie": {
                                    "ResponsePoint": null,
                                    "Script": "/message \"Jacob wipes away a tear\"",
                                    "Text": ""
                                },
                                "AfterMovie": {
                                    "ResponsePoint": null,
                                    "Script": "",
                                    "Text": "It's movies like this that make me... well, Del would've hated it, and called me a sentimental sap.$2"
                                }
                            },
                            "ID": "reaction_4"
                        },
                        {
                            "Tag": "*",
                            "Response": "like",
                            "Whitelist": [],
                            "SpecialResponses": {
                                "BeforeMovie": {
                                    "ResponsePoint": null,
                                    "Script": "",
                                    "Text": "It's nice to take a break from work now and then."
                                },
                                "DuringMovie": null,
                                "AfterMovie": {
                                    "ResponsePoint": null,
                                    "Script": "",
                                    "Text": "Thank you for inviting me, @. I thoroughly enjoyed it."
                                }
                            },
                            "ID": "reaction_0"
                        }
                    ]
                },
                "Aideen": {
                    "NPCName": "Aideen",
                    "Reactions": [
                        {
                            "Tag": "horror",
                            "Response": "dislike",
                            "Whitelist": [],
                            "SpecialResponses": {
                                "BeforeMovie": {
                                    "ResponsePoint": null,
                                    "Script": "",
                                    "Text": "I'm not sure why you would invite me to this.$2"
                                },
                                "DuringMovie": {
                                    "ResponsePoint": null,
                                    "Script": "",
                                    "Text": "I don't feel well."
                                },
                                "AfterMovie": {
                                    "ResponsePoint": null,
                                    "Script": "",
                                    "Text": "I would like to go home now.$2"
                                }
                            },
                            "ID": "reaction_1"
                        },
                        {
                            "Tag": "summer_movie_1",
                            "Response": "love",
                            "Whitelist": [],
                            "SpecialResponses": {
                                "BeforeMovie": {
                                    "ResponsePoint": null,
                                    "Script": "",
                                    "Text": "This looks most ridiculously trite."
                                },
                                "DuringMovie": {
                                    "ResponsePoint": null,
                                    "Script": "/Message \"(Aideen's gaze is fixated on the screen. And she's ... grinning?)\"",
                                    "Text": ""
                                },
                                "AfterMovie": {
                                    "ResponsePoint": null,
                                    "Script": "",
                                    "Text": "Yes, I was entertained, @. No need to rub it in!"
                                }
                            },
                            "ID": "reaction_2"
                        },
                        {
                            "Tag": "winter_movie_1",
                            "Response": "love",
                            "Whitelist": [],
                            "SpecialResponses": {
                                "BeforeMovie": {
                                    "ResponsePoint": null,
                                    "Script": "",
                                    "Text": "There's nothing quite like the classics."
                                },
                                "DuringMovie": {
                                    "ResponsePoint": null,
                                    "Script": "/Message \"(Aideen is engrossed in the film)\"",
                                    "Text": ""
                                },
                                "AfterMovie": {
                                    "ResponsePoint": null,
                                    "Script": "",
                                    "Text": "That was absolutely splendid, @. Thank you for inviting me."
                                }
                            },
                            "ID": "reaction_3"
                        },
                        {
                            "Tag": "*",
                            "Response": "like",
                            "Whitelist": [],
                            "SpecialResponses": {
                                "BeforeMovie": {
                                    "ResponsePoint": null,
                                    "Script": "",
                                    "Text": "Good day, @. I do hope I shall enjoy this film."
                                },
                                "DuringMovie": null,
                                "AfterMovie": {
                                    "ResponsePoint": null,
                                    "Script": "",
                                    "Text": "Thank you for inviting me to the pictures, @. I enjoyed myself."
                                }
                            },
                            "ID": "reaction_0"
                        }
                    ]
                },
                "Eloise": {
                    "NPCName": "Eloise",
                    "Reactions": [
                        {
                            "Tag": "horror",
                            "Response": "dislike",
                            "Whitelist": [],
                            "SpecialResponses": {
                                "BeforeMovie": {
                                    "ResponsePoint": null,
                                    "Script": "",
                                    "Text": "This doesn't look like a movie for kids, @"
                                },
                                "DuringMovie": {
                                    "ResponsePoint": null,
                                    "Script": "",
                                    "Text": "My stomach feels sick. Can I go home?"
                                },
                                "AfterMovie": {
                                    "ResponsePoint": null,
                                    "Script": "",
                                    "Text": "I don't ever want to go to the movies with you again. $2"
                                }
                            },
                            "ID": "reaction_1"
                        },
                        {
                            "Tag": "comedy",
                            "Response": "love",
                            "Whitelist": [],
                            "SpecialResponses": {
                                "BeforeMovie": {
                                    "ResponsePoint": null,
                                    "Script": "",
                                    "Text": "This looks really fun!"
                                },
                                "DuringMovie": {
                                    "ResponsePoint": null,
                                    "Script": "/Message \"(Eloise is bouncing up and down in excitement)\"",
                                    "Text": ""
                                },
                                "AfterMovie": {
                                    "ResponsePoint": null,
                                    "Script": "",
                                    "Text": "Oh, I loved it! Can we see it again next week, please?$1"
                                }
                            },
                            "ID": "reaction_2"
                        },
                        {
                            "Tag": "spring_movie_1",
                            "Response": "love",
                            "Whitelist": [],
                            "SpecialResponses": {
                                "BeforeMovie": {
                                    "ResponsePoint": null,
                                    "Script": "",
                                    "Text": "This looks really cool! I hope there's lots of birds in it.$1"
                                },
                                "DuringMovie": {
                                    "ResponsePoint": null,
                                    "Script": "",
                                    "Text": "Did you see that, farmer @? It was awesome!$1"
                                },
                                "AfterMovie": {
                                    "ResponsePoint": null,
                                    "Script": "",
                                    "Text": "Thank you so much! I loved it. I'm going to watch it again and again and again!"
                                }
                            },
                            "ID": "reaction_3"
                        },
                        {
                            "Tag": "*",
                            "Response": "like",
                            "Whitelist": [],
                            "SpecialResponses": {
                                "BeforeMovie": {
                                    "ResponsePoint": null,
                                    "Script": "",
                                    "Text": "There's birds in here! That's really neat"
                                },
                                "DuringMovie": null,
                                "AfterMovie": {
                                    "ResponsePoint": null,
                                    "Script": "",
                                    "Text": "Thanks farmer @! I really liked going to the movies with you."
                                }
                            },
                            "ID": "reaction_0"
                        }
                    ]
                },
                "Leximonster": {
                    "NPCName": "Leximonster",
                    "Reactions": [
                        {
                            "Tag": "spring_movie_0",
                            "Response": "love",
                            "Whitelist": [],
                            "SpecialResponses": {
                                "BeforeMovie": {
                                    "ResponsePoint": null,
                                    "Script": "",
                                    "Text": "Not feel should be in here. People stare.$2"
                                },
                                "DuringMovie": {
                                    "ResponsePoint": "sprout_leave",
                                    "Script": "",
                                    "Text": "Poor plant. All alone."
                                },
                                "AfterMovie": {
                                    "ResponsePoint": null,
                                    "Script": "",
                                    "Text": "Feel weird in my heart. Maybe happy-sad? What that feeling called?"
                                }
                            },
                            "ID": "reaction_1"
                        },
                        {
                            "Tag": "spring_movie_1",
                            "Response": "love",
                            "Whitelist": [],
                            "SpecialResponses": {
                                "BeforeMovie": {
                                    "ResponsePoint": null,
                                    "Script": "",
                                    "Text": "This place strange... far from sea. Little scared.$2"
                                },
                                "DuringMovie": {
                                    "ResponsePoint": null,
                                    "Script": "",
                                    "Text": "This.. it is wonderful!."
                                },
                                "AfterMovie": {
                                    "ResponsePoint": null,
                                    "Script": "",
                                    "Text": "Feel, what is word? Inspired. Thank you!"
                                }
                            },
                            "ID": "reaction_2"
                        },
                        {
                            "Tag": "*",
                            "Response": "dislike",
                            "Whitelist": [],
                            "SpecialResponses": {
                                "BeforeMovie": {
                                    "ResponsePoint": null,
                                    "Script": "",
                                    "Text": "This place... so strange. Not feel comfortable! People stare."
                                },
                                "DuringMovie": {
                                    "ResponsePoint": null,
                                    "Script": "",
                                    "Text": "It dark... so noisy. Not understand."
                                },
                                "AfterMovie": {
                                    "ResponsePoint": null,
                                    "Script": "",
                                    "Text": "Not want to go there again. Not pleasant. Sorry...$2"
                                }
                            },
                            "ID": "reaction_0"
                        }
                    ]
                },
                "JosephineK": {
                    "NPCName": "JosephineK",
                    "Reactions": [
                                              {
                            "Tag": "horror",
                            "Response": "dislike",
                            "Whitelist": [],
                            "SpecialResponses": {
                                "BeforeMovie": {
                                    "ResponsePoint": null,
                                    "Script": "",
                                    "Text": "I'm really not sure about this one."
                                },
                                "DuringMovie": {
                                    "ResponsePoint": null,
                                    "Script": "/message \"(Josephine's eyes are tightly closed)",
                                    "Text": ""
                                },
                                "AfterMovie": {
                                    "ResponsePoint": null,
                                    "Script": "",
                                    "Text": "I really cannot understand why anyone would voluntarily watch something like that. Oh, did you enjoy it?"
                                }
                            },
                            "ID": "reaction_1"
                        },
                        {
                            "Tag": "comedy",
                            "Response": "dislike",
                            "Whitelist": [],
                            "SpecialResponses": {
                                "BeforeMovie": {
                                    "ResponsePoint": null,
                                    "Script": "",
                                    "Text": "It looks very silly. Perhaps you should have asked Oliver instead."
                                },
                                "DuringMovie": {
                                    "ResponsePoint": null,
                                    "Script": "",
                                    "Text": ""
                                },
                                "AfterMovie": {
                                    "ResponsePoint": null,
                                    "Script": "",
                                    "Text": "Well that's not how I would have chosen to spend a few hours of my day. But thank you for inviting me anyway."
                                }
                            },
                            "ID": "reaction_2"
                        },
                        {
                            "Tag": "winter_movie_1",
                            "Response": "love",
                            "Whitelist": [],
                            "SpecialResponses": {
                                "BeforeMovie": {
                                    "ResponsePoint": null,
                                    "Script": "",
                                    "Text": "Oh, I remember this movie! Guvvy and I watched it on our first date.$1"
                                },
                                "DuringMovie": {
                                    "ResponsePoint": null,
                                    "Script": "/message \"(Josephine is smiling at the screen.)\"",
                                    "Text": ""
                                },
                                "AfterMovie": {
                                    "ResponsePoint": null,
                                    "Script": "",
                                    "Text": "Oh, that brought back such memories. Thank you for inviting me."
                                }
                            },
                            "ID": "reaction_3"
                        },
                        {
                            "Tag": "*",
                            "Response": "like",
                            "Whitelist": [],
                            "SpecialResponses": {
                                "BeforeMovie": {
                                    "ResponsePoint": null,
                                    "Script": "",
                                    "Text": "A theater in such a small town! How wondeful. This is very nostalgic."
                                },
                                "DuringMovie": null,
                                "AfterMovie": {
                                    "ResponsePoint": null,
                                    "Script": "",
                                    "Text": "Such a cosy theater. I'm glad you invited me."
                                }
                            },
                            "ID": "reaction_0"
                        }
                    ]
                },
                "OliverK": {
                    "NPCName": "OliverK",
                    "Reactions": [
                                              {
                            "Tag": "horror",
                            "Response": "like",
                            "Whitelist": [],
                            "SpecialResponses": {
                                "BeforeMovie": {
                                    "ResponsePoint": null,
                                    "Script": "",
                                    "Text": "Mom hates this kinda thing! It's gonna be awesome."
                                },
                                "DuringMovie": {
                                    "ResponsePoint": null,
                                    "Script": "/message \"(Oliver is grinning.)",
                                    "Text": ""
                                },
                                "AfterMovie": {
                                    "ResponsePoint": null,
                                    "Script": "",
                                    "Text": "That was so cheesy and dumb! It was great. Not really very scary though."
                                }
                            },
                            "ID": "reaction_1"
                        },
                        {
                            "Tag": "summer_movie_1",
                            "Response": "love",
                            "Whitelist": [],
                            "SpecialResponses": {
                                "BeforeMovie": {
                                    "ResponsePoint": null,
                                    "Script": "",
                                    "Text": "This is gonna be ridiculous!"
                                },
                                "DuringMovie": {
                                    "ResponsePoint": null,
                                    "Script": "",
                                    "Text": ""
                                },
                                "AfterMovie": {
                                    "ResponsePoint": null,
                                    "Script": "",
                                    "Text": "That was so fun! I could see it again. And again!$1"
                                }
                            },
                            "ID": "reaction_2"
                        },
                        {
                            "Tag": "classic",
                            "Response": "dislike",
                            "Whitelist": [],
                            "SpecialResponses": {
                                "BeforeMovie": {
                                    "ResponsePoint": null,
                                    "Script": "",
                                    "Text": "Oh, this looks dull. You should ask my mom instead."
                                },
                                "DuringMovie": {
                                    "ResponsePoint": null,
                                    "Script": "/message \"(Oliver is asleep)\"",
                                    "Text": ""
                                },
                                "AfterMovie": {
                                    "ResponsePoint": null,
                                    "Script": "",
                                    "Text": "Total snooze-fest! Still, at least I caught some shut-eye."
                                }
                            },
                            "ID": "reaction_3"
                        },
                        {
                            "Tag": "*",
                            "Response": "like",
                            "Whitelist": [],
                            "SpecialResponses": {
                                "BeforeMovie": {
                                    "ResponsePoint": null,
                                    "Script": "",
                                    "Text": "This theater's pretty cool. Heh, I should have a go at that crane machine. I bet I could win!$1"
                                },
                                "DuringMovie": null,
                                "AfterMovie": {
                                    "ResponsePoint": null,
                                    "Script": "",
                                    "Text": "That was cool. Thanks for letting me hang out with you. You're not half-bad for an adult."
                                }
                            },
                            "ID": "reaction_0"
                        }
                    ]
                },
                "Rosa": {
                    "NPCName": "Rosa",
                    "Reactions": [
                                              {
                            "Tag": "romance",
                            "Response": "like",
                            "Whitelist": [],
                            "SpecialResponses": {
                                "BeforeMovie": {
                                    "ResponsePoint": null,
                                    "Script": "",
                                    "Text": "Aww, I hear this one's going to tug at my heartstrings."
                                },
                                "DuringMovie": {
                                    "ResponsePoint": null,
                                    "Script": "/message \"(Rosa smiling at the screen)",
                                    "Text": ""
                                },
                                "AfterMovie": {
                                    "ResponsePoint": null,
                                    "Script": "",
                                    "Text": "It was really sweet. Corny, but sometimes corny's okay. You want to go grab a bite to eat?"
                                }
                            },
                            "ID": "reaction_1"
                        },
                        {
                            "Tag": "summer_movie_0",
                            "Response": "love",
                            "Whitelist": [],
                            "SpecialResponses": {
                                "BeforeMovie": {
                                    "ResponsePoint": null,
                                    "Script": "",
                                    "Text": "Ye hah! I've never played the game, but I've been looking forward to this one for a while."
                                },
                                "DuringMovie": {
                                    "ResponsePoint": null,
                                    "Script": "",
                                    "Text": ""
                                },
                                "AfterMovie": {
                                    "ResponsePoint": null,
                                    "Script": "",
                                    "Text": "That was a lot of fun! Let's do it again sometime."
                                }
                            },
                            "ID": "reaction_2"
                        },
                        {
                            "Tag": "horror",
                            "Response": "dislike",
                            "Whitelist": [],
                            "SpecialResponses": {
                                "BeforeMovie": {
                                    "ResponsePoint": null,
                                    "Script": "",
                                    "Text": "Horror's not really my thing, but since you asked..."
                                },
                                "DuringMovie": {
                                    "ResponsePoint": null,
                                    "Script": "/message \"(Rosa looks tense)\"",
                                    "Text": ""
                                },
                                "AfterMovie": {
                                    "ResponsePoint": null,
                                    "Script": "",
                                    "Text": "Okay well then... back to my creaky old inn room. Certainly won't be hearing monsters scratching tonight.$2"
                                }
                            },
                            "ID": "reaction_3"
                        },
                        {
                            "Tag": "*",
                            "Response": "like",
                            "Whitelist": [],
                            "SpecialResponses": {
                                "BeforeMovie": {
                                    "ResponsePoint": null,
                                    "Script": "",
                                    "Text": "This place is so cute! 'Though I bet the cleaner's kept busy scraping up bird droppings."
                                },
                                "DuringMovie": null,
                                "AfterMovie": {
                                    "ResponsePoint": null,
                                    "Script": "",
                                    "Text": "Thanks for inviting me, @. It's nice to have a friend in this town.$1"
                                }
                            },
                            "ID": "reaction_0"
                        }
                    ]
                },
            }
        }
    ]
}