{
	"Changes": [
		{
			"LogName": "FirstChild Dialogue",
			"Action": "EditData",
			"Target": "Characters/Dialogue/{{Loe2run.ChildToNPC/FirstChildName}}",
			"Entries": {
				"Mon": "$c 0.5#Today's Monday! I know that. I'm smart.#Dada's taking us to the playground today! It's gonna be so much fun!$1",
				"Tue": "I drawed you a picture, {{PlayerTitle}}$4#Can't you tell? It's %pet!",
				"Wed": "Can we go to the playground today? I wanna play on the slide and swing on the swings.#$b#Dada pushes so hard, it's like flying!",
				"Thu": "Miss Penny's gonna take us on a field trip tomorrow.#$b#I dunno what that means though. We've fields, I don't gotta go anywhere to see them!",
				"Fri": "I've been learning the alphabet song, wanna hear it?#$b#A-B-C-D-EFG-H-I... Oh, I forget what comes next.",
				"Sat": "#$q 50701/50702 Sky_Blue#Why's the sky blue, {{PlayerTitle}}?#$r 50701 10 Sky_Yoba#Because that's the way Yoba made the world.#$r 50701 10 Blue_Science#Because molecules in the air scatter blue light more than they scatter red light, making the sky appear blue.#$r 50702 10 Sky_Father#Oh, I don't know. Why don't you ask your father?",
				"Sky_Blue": "Dada's been teaching us all about science! He's real smart.#$b#And sometimes silly. I wanna be like Dada when I growed up.$1",
				"Sky_Father": "Okay! I will! Dada'll know. He's real smart!",
				"Sky_Yoba": "Yoba? You mean the magical seed and the light and stuff? Dada says that's a story, but all stories have truth. Dunno that means.",
				"Blue_Science": "$p 50701#So... light is kinda like a magic grain, and you can spread it across the place, and it makes things change color? That's really cool!|Dada said it was science what made the sky blue.#$b#An' if I wanted to know more about science, I should ask Nurse Maru or Mr. Demetrius.",
				"Sun": "I was digging for treasure, an' look what I found! [2 103 110 171 169 369 311 112 113]#$b#You can have it!",
				"Mon6": "I gotta question.#$q 6000 question_1#Why you do farming stuff?#$r 6000 15 a_1#I want to make tons of money.#$r 6000 15 a_2#It's more 'real' than living in the city.#$r 6000 15 a_3#To follow in great-grandpa's footsteps.#$r 6000 15 a_4#I wanted to escape my old life.",
				"spring_12_2": "The Egg Festival's tomorrow! I wanna go!#$e#Can I go? Why not?",
				"spring_13_@": "I'm sad today, I wanna go to the Egg Festival... Why can't I go?#$e#It just no fair!",
				"spring_23_@": "There's a flower Dance tomorrow?#$b#Do the flowers dance?",
				"winter_Mon":"Where do the birds go when its cold, {{PlayerTitle}}?$3",
				"winter_Tue":"It was windy last night, an' Teddy was scared!$2#$b#But it's okay, I gave them lotsa hugs.",
				"winter_Wed":"We're going to school today! Dada knows everything!$1#$b#But don't feel bad, you're smart too, {{PlayerTitle}}$3",
				"winter_Thu":"{{kidName2}} taught me how to make snow angels!$1#$b#It was cold.$3",
				"winter_Fri":"I got a question, {{PlayerTitle}}.#$q 6006 question_2#What do you do all day?#$r 6007 15 a_5#I work hard on the farm.#$r 6008 15 a_6#I fight monsters.#$r 6009 15 a_7#I catch fish for dinner.#$r 6010 15 a_8#I make lots of friends",
				"winter_Sat":"I wanna make a snowman. But {{kidName2}} only wants to throw snowballs at me.#$b#Sometimes they hurt.$2",
				"winter_Sun":"Dada tells really good stories. But sometimes they give me bad dreams.$2",
				"winter_15_2": "Dada's taken us to see the boats!$1",
				"winter_25_2":"I drawed you a picture, {{PlayerTitle}}. It's a present! I hope you like it.$4",
				"a_1": "You got tons of money?",
				"a_2": "Wha's 'more real' mean?",
				"a_3": "Great-grandpa's a farmer?",
				"a_4": "Why? Was it super dangerous or some'ing?",
				"a_5": "You work real hard! I wanna help one day. Ima big {{Kid1_boy_girl}}.$1",
				"a_6": "That sounds scary! I don't want you to get hurt.$2",
				"a_7": "Why we gotta eat fish? Fish are friends!$3",
				"a_8": "I like to make friends too! {{KidName2}} is my bestest friend in the whole wide world.$!",
				"question_1": "$p 6000#... I still got questions.",
				"question_2":"Can I come and help you today, {{PlayerTitle}}?$3",
				"Kid1Win": "I won the egg festival! Did you see {{PlayerTitle}}!$1#$b#I think it made {{kidName2}} sad... even though I offered to share my prize with {{Kid2_him_her}}.",
				"Kid2Win":"{{kidName2}} got the prize! {{Kid2_he_she_cap}} really IS the fastest!"
			}
		}
	]
}