{
	"Changes": [
		{
			"LogName": "Second Child Dialogue",
			"Action": "EditData",
			"Target": "Characters/Dialogue/{{Loe2run.ChildToNPC/SecondChildName}}",
			"Entries": {
				"Mon": "I wanna play! Can you play with me?",
				"Tue": "Where are my toys? They're playing hide n seek!#$b#You're never gonna find them!",
				"Wed": "Not fair... Dada says I'm too little to have a sword! I wanna fight monsters like you!",
				"Thu": "Sometimes I think Dada likes {{kidName1}} betterer than me.$2#$b#But I'm your favorite, aren't I, {{PlayerTitle}}?",
				"Fri": "I love school. Miss Penny is sooooo pretty. Do you think she's pretty, {{PlayerTitle}}?",
				"Sat": "I was playing hide and seek with %pet. Look what I found! [2 103 110 171 169 369 311 112 113]#$b#You can have it!",
				"Sun": "Can you read me a story? I wanna hear about the princess what fights monsters!",
				"spring_12_2": "Dada's gonna paint eggs with us today! I'm gonna make you a pretty one!",
				"spring_13_2": "{{kidName1}} says they're gonna find all the eggs today! But I'm gonna beat 'em!",
				"spring_23_2": "Dada's teaching us how to dance!#$b#But {{kidName1}} keeps stepping on my feet.$2",
				"winter_15_2": "We're gonna see the trav-lers! It's gonna be fun.#$b#I wanna be trav-ler one day.$1",
				"Mon6": "I gotta question.#$q 6001 question_1#What am I, {{PlayerTitle}}?#$r 6002 15 a_1#You're my precious pumpkin.#$r 6003 15 a_2#You're my bold hero!#$r 6004 15 a_3#You're my little genius.#$r 6005 15 a_4#You're my adorable goblin.",
				"winter_Mon":"Dada says animals hibin-ate, and sleep all winter. That doesn't sound fun.$2",
				"winter_Tue":"{{kidName1}} was scared last night. But it's okay. I'll protect {{Kid1_him_her}}. I'm brave!$1",
				"winter_Wed":"Dada makes school so fun! Maybe he'll make something go BOOM today!",
				"winter_Thu":"We played in the snow. It was fun! Can I have a hot chocolate please?$3",
				"winter_Fri":"Miss Penny always makes us do reading or writing on Fridays.$3#$b#I don't like it.$2",
				"winter_Sat":"Yay! We're gonna have the biggest, bestest snowfight ever!$1",
				"winter_Sun":"Dada's gonna tell us a story today. I hope it's a scary one!",
				"winter_25_2":"Where's my present, {{PlayerTitle}}? We do get presents today, right?$3",
				"a_1": "Hehe {{PlayerTitle}}. I'ma not a pum-kin, I'm {{kidName2}}!$1#$b#But you can call me pum-kin if you want.",
				"a_2": "Yah! An' I've gotta sword and a unicorn stead and we're gonna save the world!$1",
				"a_3": "Dada's gonna teach me maths tomorrow!$1",
				"a_4": "Teehee {{PlayerTitle}}. I'm not a goblin I'ma fairy! A fairy-goblin! They give wishes, they do!$1",
				"question_1": "I got lots and lots of questions!$1",
				"Kid1Win": "{{kidName1}} bet me at the egg hunt...$2#$b#I'm the fastest... but {{Kid1_he_she}}'s the smartest.$3",
				"Kid2Win":"I won! And it was awesome! I even bet Miss Abigail!$1"
			}
		},
	]
}