{
    "hasMods": ["FlashShifter.StardewValleyExpandedALL"],
   "festivalSpots": [  
          {
          "name": "MisterGinger",
          "map": "Town-EggFestival", 
          "position": [47, 71],
          "direction": 2
          },
      {
          "name": "MisterGinger",
          "map": "Forest-FlowerFestival", 
          "position": [19, 20],
          "direction": 2,
          "position2": [8,30],
          "direction2": 0
          },
      {
          "name": "MisterGinger",
          "map": "Beach-Luau", 
          "position": [32, 34],
          "direction": 2
          },
      {
          "name": "MisterGinger",
          "map": "Beach-Jellies", 
          "position": [24, 28],
          "direction": 3
          },
      {
          "name": "MisterGinger",
          "map": "Town-Fair", 
          "position": [42, 87],
          "direction": 1
          },
      {
          "name": "MisterGinger",
          "map": "Town-Halloween", 
          "position": [18, 51],
          "direction": 1
          },
      {
          "name": "MisterGinger",
          "map": "Forest-IceFestival", 
          "position": [88, 32],
          "direction": 2
          },
       {
          "name": "MisterGinger",
          "map": "Town-Christmas", 
          "position": [31, 65],
          "direction": 2
          }
  
      
      ]
  }