{
	"Entries": {
		"MisterGinger": {
		"NPCName": "MisterGinger",
		"Reactions": [
	  	{
			"Tag": "*",
			"Response": "love",
			"Whitelist": [],
			"SpecialResponses": {
		  	"BeforeMovie": {
			"ResponsePoint": null,
			"Script": "",
			"Text": "Mirrup!"
		  	},
		  	"DuringMovie": {
			"ResponsePoint": null,
			"Script": "/message \"Mr. Ginger stares at the screen.\"",
			"Text": ""
		  	},
		  	"AfterMovie": {
			"ResponsePoint": null,
			"Script": "",
			"Text": "Mirp!$3#$b#%Mr. Ginger seems pleased at your choice of movie."
		  }
		},
		"ID": "reaction_0"
	  },
	  {
		"Tag": "spring_movie_0",
		"Response": "like",
		"Whitelist": [],
		"SpecialResponses": {
		  "BeforeMovie": {
			"ResponsePoint": null,
			"Script": "",
			"Text": "Mirrup!"
		  },
		  "DuringMovie": {
			"ResponsePoint": "sprout_leave",
			"Script": "pause 500/message \"Mr. Ginger looks sad.\"",
			"Text": "Murr.$2"
		  },
		  "AfterMovie": {
			"ResponsePoint": null,
			"Script": "",
			"Text": "Mrip?$1"
		  }
		},
		"ID": "reaction_1"
	  },
	  {
		"Tag": "spring_movie_1",
		"Response": "love",
		"Whitelist": [],
		"SpecialResponses": {
			"BeforeMovie": {
			  "ResponsePoint": null,
			  "Script": "",
			  "Text": "Mirrup!"
			},
			"DuringMovie": {
			  "ResponsePoint": null,
			  "Script": "/message \"Mr. Ginger's focus is intent.\"",
			  "Text": ""
			},
			"AfterMovie": {
			  "ResponsePoint": null,
			  "Script": "",
			  "Text": "Okay, I'll admit it, it was beautiful."
			}
		},
		"ID": "reaction_2"
	  },
	  {
		"Tag": "winter_movie_0",
		"Response": "dislike",
		"Whitelist": [],
		"SpecialResponses": {
		  "BeforeMovie": {
			"ResponsePoint": null,
			"Script": "",
			"Text": "Mirrup..."
		  },
		  "DuringMovie": {
			"ResponsePoint": null,
			"Script": "/message \"Mr. Ginger looks bored.\"",
			"Text": ""
		  },
		  "AfterMovie": {
			"ResponsePoint": null,
			"Script": "",
			"Text": "Nope, not my kettle of fish. Mmmm fish... Can we get lunch?"
		  }
		},
		"ID": "reaction_3"
	  },
	  {
		"Tag": "summer_movie_1",
		"Response": "love",
		"Whitelist": [],
		"SpecialResponses": {
		  "BeforeMovie": {
			"ResponsePoint": null,
			"Script": "",
			"Text": "Mirrup!$1"
		  },
		  "DuringMovie": {
			"ResponsePoint": null,
			"Script": "",
			"Text": "%Mr. Ginger is purring."
		  },
		  "AfterMovie": {
			"ResponsePoint": null,
			"Script": "",
			"Text": "%Mr. Ginger seems to have enjoyed himself"
		  }
		},
		"ID": "reaction_4"
	  },
	  {
		"Tag": "fall_movie_1",
		"Response": "dislike",
		"Whitelist": [],
		"SpecialResponses": {
		  "BeforeMovie": {
			"ResponsePoint": null,
			"Script": "",
			"Text": "Mirp!"
		  },
		  "DuringMovie": {
			"ResponsePoint": null,
			"Script": "/shake MisterGinger 3000/pause 500/",
			"Text": "Miiirrrow...$2"
		  },
		  "AfterMovie": {
			"ResponsePoint": null,
			"Script": "",
			"Text": "%Mr. Ginger's fur is still a little fluffed up."
		  }
		},
		"ID": "reaction_5"
	  },
	  {
		"Tag": "winter_movie_1",
		"Response": "like",
		"Whitelist": [],
		"SpecialResponses": {
		  "BeforeMovie": {
			"ResponsePoint": null,
			"Script": "",
			"Text": "%Mr. Ginger looks displeased at your choice."
		},
		"DuringMovie": {
		  "ResponsePoint": null,
		  "Script": "/message \"Are those tears in Mr. Ginger's eyes?",
		  "Text": ""
		},
		  "AfterMovie": {
			"ResponsePoint": null,
			"Script": "",
			"Text": "Mirrow?$2"
		  }
		},
		"ID": "reaction_6"
	  },
	  {
		"Tag": "summer_movie_1",
		"Response": "dislike",
		"Whitelist": [],
		"SpecialResponses": {
		  "BeforeMovie": {
			"ResponsePoint": null,
			"Script": "",
			"Text": "Mirrup!"
		},
		"DuringMovie": {
		  "ResponsePoint": null,
		  "Script": "/message \"Mr. Ginger is crouched low in his chair.",
		  "Text": ""
		},
		  "AfterMovie": {
			"ResponsePoint": null,
			"Script": "",
			"Text": "%Mr. Ginger looks frazzled."
		  }
		},
		"ID": "reaction_7"
	  },
	  {
		"Tag": "fall_movie_1",
		"Response": "dislike",
		"Whitelist": [],
		"SpecialResponses": {
		  "BeforeMovie": {
			"ResponsePoint": null,
			"Script": "",
			"Text": "Mirrup!"
		  },
		  "DuringMovie": {
			"ResponsePoint": null,
			"Script": "",
			"Text": "..."
		  },
		  "AfterMovie": {
			"ResponsePoint": null,
			"Script": "",
			"Text": "Mrp.$5"
		  }
		},
		"ID": "reaction_8"
	  },
	  {
		"Tag": "seen_love",
		"Response": "like",
		"Whitelist": [],
		"SpecialResponses": {
		  "BeforeMovie": {
			"ResponsePoint": null,
			"Script": "",
			"Text": "Mirrup!"
		  },
		  "DuringMovie": null,
		  "AfterMovie": null
		},
		"ID": "reaction_9"
	  },
	  {
		"Tag": "seen_like",
		"Response": "like",
		"Whitelist": [],
		"SpecialResponses": {
		  "BeforeMovie": {
			"ResponsePoint": null,
			"Script": "",
			"Text": "Mirrup."
		  },
		  "DuringMovie": null,
		  "AfterMovie": null
		},
		"ID": "reaction_10"
	  },
	  {
		"Tag": "seen_dislike",
		"Response": "like",
		"Whitelist": [],
		"SpecialResponses": {
		  "BeforeMovie": {
			"ResponsePoint": null,
			"Script": "",
			"Text": "Mrrrow!$5"
		  },
		  "DuringMovie": null,
		  "AfterMovie": null
		},
		"ID": "reaction_11"
		}
		]
        }
    }
}
	  

