{ 
    
    "Entries": {

    "Juliet":   {
    "NPCName": "Juliet",
    "Reactions": [
      {
        "Tag": "*",
        "Response": "love",
        "Whitelist": [ "Penny"],
        "SpecialResponses": {
          "BeforeMovie": {
            "ResponsePoint": null,
            "Script": "",
            "Text": "It's more fun watching people's expressions than the movie itself, don't you think?"
          },
          "DuringMovie": {
            "ResponsePoint": null,
            "Script": "/message \"(Is Juliet even watching the movie? She seems to have her eyes on Penny.\"",
            "Text": ""
          },
          "AfterMovie": {
            "ResponsePoint": null,
            "Script": "",
            "Text": "Well, I can't say much for the plot, but I enjoyed the visuals!"
          }
        },
        "ID": "reaction_0"
      },

      {
        "Tag": "spring_movie_0",
        "Response": "like",
        "Whitelist": [],
        "SpecialResponses": {
          "BeforeMovie": {
            "ResponsePoint": null,
            "Script": "",
            "Text": "A kids' movie, really?"
          },
          "DuringMovie": {
            "ResponsePoint": "sprout_leave",
            "Script": "/message\"(Juliet seems to be rubbing her eyes a lot.\"",
            "Text": "Damn hayfever. All the dust in here...$s"
          },
          "AfterMovie": {
            "ResponsePoint": null,
            "Script": "",
            "Text": "What? I wasn't crying. Don't be ridiculous!$5"
          }
        },
        "ID": "reaction_1"
      },






      {
        "Tag": "spring_movie_1",
        "Response": "like",
        "Whitelist": [],
        "SpecialResponses": null,
        "ID": "reaction_2"
      },




      {
        "Tag": "family",
        "Response": "dislike",
        "Whitelist": [],
        "SpecialResponses": {
          "BeforeMovie": {
            "ResponsePoint": null,
            "Script": "",
            "Text": "This is gonna be totally cheesy, I'm sure of it."
          },
          "DuringMovie": {
            "ResponsePoint": null,
            "Script": "/message \"(Juliet looks bored)\"",
            "Text": ""
          },
          "AfterMovie": {
            "ResponsePoint": null,
            "Script": "",
            "Text": "*yawns* Ah, that was the best nap I've had in a long time."
          }
        },
        "ID": "reaction_3"
      },










      {
        "Tag": "comedy",
        "Response": "like",
        "Whitelist": [],
        "SpecialResponses": {
          "BeforeMovie": {
            "ResponsePoint": null,
            "Script": "",
            "Text": "Well, should be good for a laugh."
          },
          "DuringMovie": {
            "ResponsePoint": null,
            "Script": "",
            "Text": "This is ridiculous..."
          },
          "AfterMovie": {
            "ResponsePoint": null,
            "Script": "",
            "Text": "Okay, yeah, I laughed. That wasn't a total waste of my time."
          }
        },
        "ID": "reaction_4"
      },
      {
        "Tag": "fall_movie_0",
        "Response": "love",
        "Whitelist": [],
        "SpecialResponses": {
          "BeforeMovie": {
            "ResponsePoint": null,
            "Script": "",
            "Text": "Oooh I hope there's lots of blood and gore!"
          },
          "DuringMovie": {
            "ResponsePoint": null,
            "Script": "/emote Juliet 20",
            "Text": "This is great!"
          },
          "AfterMovie": {
            "ResponsePoint": null,
            "Script": "",
            "Text": "Oh, I could see that one again, and again! Maybe eventually I'll figure out what the heck was going on!"
          }
        },
        "ID": "reaction_5"
      },
      {
        "Tag": "love",
        "Response": "like",
        "Whitelist": [],
        "SpecialResponses": {
          "BeforeMovie": {
            "ResponsePoint": null,
            "Script": "",
            "Text": "Yeh, I've kinda been hanging out for this one. I hope it doesn't disappoint."
          },
          "DuringMovie": null,
          "AfterMovie": {
            "ResponsePoint": null,
            "Script": "",
            "Text": "Well, I was entertained. How about you?"
          }
        },
        "ID": "reaction_6"
      },
      {
        "Tag": "like",
        "Response": "like",
        "Whitelist": [],
        "SpecialResponses": {
          "BeforeMovie": {
            "ResponsePoint": null,
            "Script": "",
            "Text": "The reviews have been decent. Might not be a complete waste of time."
          },
          "DuringMovie": null,
          "AfterMovie": {
            "ResponsePoint": null,
            "Script": "",
            "Text": "Okay, a fun way to kill an afternoon. Shall we go and dissect it over a coffee?"
          }
        },
        "ID": "reaction_7"
      },
      {
        "Tag": "dislike",
        "Response": "like",
        "Whitelist": [],
        "SpecialResponses": {
          "BeforeMovie": {
            "ResponsePoint": null,
            "Script": "",
            "Text": "Oh Yoba, you really want to drag me to this one? Oh well, I suppose I could do with a nap."
          },
          "DuringMovie": {
            "ResponsePoint": null,
            "Script": "",
            "Text": "*yawns*"
          },
          "AfterMovie": {
            "ResponsePoint": null,
            "Script": "",
            "Text": "Well, that completely sucked. Next time, I get to choose, okay?"
          }
        },
        "ID": "reaction_8"
      },
      {
        "Tag": "seen_love",
        "Response": "like",
        "Whitelist": [],
        "SpecialResponses": {
          "BeforeMovie": {
            "ResponsePoint": null,
            "Script": "",
            "Text": "Ooh, '{0}'! I saw this one with {2}!"
          },
          "DuringMovie": null,
          "AfterMovie": null
        },
        "ID": "reaction_9"
      },
      {
        "Tag": "seen_like",
        "Response": "like",
        "Whitelist": [],
        "SpecialResponses": {
          "BeforeMovie": {
            "ResponsePoint": null,
            "Script": "",
            "Text": "I saw this with {2}, I was amused."
          },
          "DuringMovie": null,
          "AfterMovie": null
        },
        "ID": "reaction_10"
      },
      {
        "Tag": "seen_dislike",
        "Response": "like",
        "Whitelist": [],
        "SpecialResponses": {
          "BeforeMovie": {
            "ResponsePoint": null,
            "Script": "",
            "Text": "Hmm, I think {2} took me to see this..."
          },
          "DuringMovie": null,
          "AfterMovie": null
        },
        "ID": "reaction_11"
                    }
                ]
            }

    }
}