{
    "Changes": [
        // F E S T I V A L S
        //Aideen does not attend: Ice Festival, Egg Festival (that might change), Spirit's Eve
        //Currently only Winter Star, Luau and Flower Festival are programmed in.
        {
            "Action": "EditData",
            "Target": "Data/Festivals/winter25",
            "TextOperations": [
                {
                    "Operation": "Append",
                    "Target": [
                        "Entries",
                        "Set-Up_additionalCharacters"
                    ],
                    "Value": "Aideen 45 60 3",
                    "Delimiter": "/"
                }
            ]
        },
        {
            "LogName": "Winter Star Dialogue",
            "Action": "EditData",
            "Target": "data/festivals/winter25",
            "Entries": {
                "Aideen": "Are you enjoying the festival, @? The secret gift giving tradition is so quaint, don't you think?#$b#I do hope I receive a well-considered gift this year."
            }
        },
        {
            "Action": "EditData",
            "Target": "Data/Festivals/spring24",
            "TextOperations": [
                {
                    "Operation": "Append",
                    "Target": [
                        "Entries",
                        "Set-Up_additionalCharacters"
                    ],
                    "Value": "Aideen 5 31 3",
                    "Delimiter": "/"
                },
                {
                    "Operation": "Append",
                    "Target": [
                        "Entries",
                        "MainEvent_additionalCharacters"
                    ],
                    "Value": "Aideen 19 32 0",
                    "Delimiter": "/"
                }
            ]
        },
        {
            "LogName": "Flower Dance Dialogue",
            "Action": "EditData",
            "Target": "data/festivals/spring24",
            "Entries": {
                "Aideen": "Folk dancing? How very rustic. This bears little semblance to the dances I attended in Grampleton. Now, those were sophisticated affairs."
            }
        },
        {
            "Action": "EditData",
            "Target": "Data/Festivals/summer11",
            "TextOperations": [
                {
                    "Operation": "Append",
                    "Target": [
                        "Entries",
                        "Set-Up_additionalCharacters"
                    ],
                    "Value": "Aideen 14 4 2",
                    "Delimiter": "/"
                },
                {
                    "Operation": "Append",
                    "Target": [
                        "Entries",
                        "MainEvent_additionalCharacters"
                    ],
                    "Value": "Aideen 14 4 3",
                    "Delimiter": "/"
                }
            ]
        },
        {
            "LogName": "Luau Dialogue",
            "Action": "EditData",
            "Target": "data/festivals/summer11",
            "Entries": {
                "Aideen": "Oh, the sun is overbearing! I seek sanctuary, here amongst my friends, the trees."
            }
        },
        {
            "Action": "EditData",
            "Target": "Data/Festivals/summer28",
            "TextOperations": [
                {
                    "Operation": "Append",
                    "Target": [
                        "Entries",
                        "Set-Up_additionalCharacters"
                    ],
                    "Value": "Aideen 22 4 2",
                    "Delimiter": "/"
                }
            ]
        },
        {
            "LogName": "Luau Dialogue",
            "Action": "EditData",
            "Target": "data/festivals/summer28",
            "Entries": {
                "Aideen": "I dare not get too close. They may look beautiful and mysterious, but they are also highly poisonous!$2"
            }
        },
        {
            "Action": "EditData",
            "Target": "Data/Festivals/fall16",
            "TextOperations": [
                {
                    "Operation": "Append",
                    "Target": [
                        "Entries",
                        "Set-Up_additionalCharacters"
                    ],
                    "Value": "Aideen 45 88 1",
                    "Delimiter": "/"
                }
            ]
        },
        {
            "LogName": "Fair Dialogue",
            "Action": "EditData",
            "Target": "data/festivals/fall16",
            "Entries": {
                "Aideen": "Are you intending to get your fortune told, @?#$b#Oh! I've already had mine! Apparently my quest for a suitor shall be fulfilled before the year reaches its end!$4",
                "Aideen_spouse": "My love, we do not need a spiritulist to reveal our future!$1#$b#What does it hold? Oh, you shall see tonight.$4"
            }
        },
        {
			"Action": "EditData",
			"Target": "Data/Festivals/winter8",
			"TextOperations": [
				{
					"Operation": "Append",
					"Target": [
						"Entries",
						"Main-Event_additionalCharacters"
					],
					"Value": "Jacob 69 12 2",
					"Delimiter": "/"
				}
                
			],
            "When": {
				"HasMod |contains=FlashShifter.StardewValleyExpandedCP": false,
                "Spouse |contains=Aideen":false
			}
		},
        {
			"Action": "EditData",
			"Target": "Data/Festivals/winter8",
			"TextOperations": [
				{
					"Operation": "Append",
					"Target": [
						"Entries",
						"Main-Event_additionalCharacters"
					],
					"Value": "Aideen 70 12 2",
					"Delimiter": "/"
				}
			],
			"When": {
				"HasMod |contains=FlashShifter.StardewValleyExpandedCP": false,
                "Spouse |contains=Aideen":false
			}
		},
        {
            "LogName": "Ice Festival",
            "Action": "EditData",
            "Target": "data/festivals/winter8",
            "Entries": {
                "Aideen": "Oh hello @. Yes, I confess, I snuck in to see the ice sculptures.$4"
            }
        }
    ]
}