    {
        "Changes": [
            {
                "Action": "EditData",
                "Target": "Data/Festivals/winter8",
                "TextOperations": [
                    {
                        "Operation": "Append",
                        "Target": [
                            "Entries",
                            "Set-Up_additionalCharacters"
                        ],
                        "Value": "JosephineK 97 39 2",
                        "Delimiter": "/"
                    }
                ]
            },
            {
                "LogName": "Ice Festival Dialogue",
                "Action": "EditData",
                "Target": "data/festivals/winter8",
                "Entries": {
                    "JosephineK": "Oh, I hope Olly's still wrapped up warm... I'd hate for him to catch a chill!$2"
                }
            },
{
                "Action": "EditData",
                "Target": "Data/Festivals/winter25",
                "TextOperations": [
                    {
                        "Operation": "Append",
                        "Target": [
                            "Entries",
                            "Set-Up_additionalCharacters"
                        ],
                        "Value": "JosephineK 24 48 2",
                        "Delimiter": "/"
                    }
                ]
            },
 {
                "LogName": "Winter Star Dialogue",
                "Action": "EditData",
                "Target": "data/festivals/winter25",
                "Entries": {
                    "JosephineK": "Merry Winter Star, @! I'm keeping Mayor Lewis company today.#$b#*whispers* He believes I'm here representing my husband, but really it's for the company.$1"
                }
            }
        ]
    }