{
    "Changes": [
        {
            "Action": "EditData",
            "Target": "Data/Festivals/winter8",
            "TextOperations": [
                {
                    "Operation": "Append",
                    "Target": [
                        "Entries",
                        "Set-Up_additionalCharacters"
                    ],
                    "Value": "OliverK 83 51 2",
                    "Delimiter": "/"
                }
            ],
            "When": {
                "HasSeenEvent |contains=57873005": false
            }
        },
        {
            "LogName": "Ice Festival Dialogue",
            "Action": "EditData",
            "Target": "data/festivals/winter8",
            "Entries": {
                "OliverK": "Hi @! Yeah you guessed it, I'm hiding from my Mom.$2#$b#'Sides, this island's pretty cool. I wonder how deep the water is...$5"
            },
            "When": {
                "HasSeenEvent |contains=57873005": false
            }
        },
        {
            "LogName": "Ice Festival Dialogue",
            "Action": "EditData",
            "Target": "data/festivals/winter8",
            "Entries": {
                "OliverK": "Hi @! Yeah, Ellie wanted to tag along with me.#$b#I don't mind, she's cool. And it's kinda like having a kid sister.$1",
                "Eloise": "Hey Olly! I think I saw a lingcod. I hope it doesn't gobble up all the other fish!$3"
            },
            "When": {
                "HasSeenEvent |contains=57873005": true
            }
        },
        {
            "Action": "EditData",
            "Target": "Data/Festivals/winter25",
            "TextOperations": [
                {
                    "Operation": "Append",
                    "Target": [
                        "Entries",
                        "Set-Up_additionalCharacters"
                    ],
                    "Value": "OliverK 36 72 0",
                    "Delimiter": "/"
                }
            ]
        },
{
            "LogName": "Winter Star Dialogue",
            "Action": "EditData",
            "Target": "data/festivals/winter25",
            "Entries": {
                "OliverK": "Hey @. Yeah, Dad couldn't make it... he's helping out with some charity in Zuzu.$2#$b#Still, the food's good, and Dr. Jacob said I could join him, so it's cool. Literally.$1"
            }
        }
    ]
}