{
    "Changes": [
        {
            "LogName": "NPC Manifestation",
            "Action": "EditData",
            "Target": "Data/NPCDispositions",
            "Entries": {
                "Jacob": "adult/polite/shy/positive/male/not-datable/null/Town/summer 27/Eloise 'darling daughter'/Custom_ESVetHouse 19 4/Jacob",
                "Eloise": "child/polite/outgoing/positive/female/not-datable/null/Town/spring 22/Jacob 'dad'/Custom_ESVetHouse 33 23/Eloise"
            }
        },
        {
            "LogName": "NPC Gift Tastes",
            "Action": "EditData",
            "Target": "Data/NPCGiftTastes",
            "Entries": {
                "Jacob": "Thank you! I love it./205 210 241 282/Thanks, this is great./344 342 350 395/Thanks... it's the thought that counts, I guess.../16 800/I'm not sure why you're giving me this? Is this a prank?/232 250/Many thanks!//",
                "Eloise": "Oh! I love it. You're the bestest!/18 221 444 394 107/Thanks, this is wicked!/-2 -5 113 174 176 180 223 442 233/I don't like this./-4/Ewww, this is gross!/88 190 236 346 395 800/Thank you for the kind gift.//"
            }
        },
        //Jacob loves survival burger, hashbrowns, fried mushroom, cranberries. Likes jelly, pickles, juice, coffee. Dislikes horse radish, blobfish. Hates rice pudding, kale.
        //Eloise loves: daffodil, rainbow shell, duck feathers, pink cake, dinosaur egg
        //likes chicken statue, cookies, eggs, ice cream, gemstones
        //Dislikes fish, hates blobfish, cauliflower, coconut, coffee, beer
        {
            "LogName": "Animations",
            "Action": "EditData",
            "Target": "Data/animationDescriptions",
            "Entries": {
                "Eloise_kneel": "8/16/8",
                "Eloise_read": "8 17/18 18 18 18 18 18 18 18 18 18 18 18 18 18 18 19 19 19 19 19 19/8",
                "Eloise_write": "27/27 27 27 27 27 27 27 27 27 27 24 24 24 24 24 24 25 25 26 26 24 25 26 25 24 24 24 24 24 25 25 25 24 25 26 26 26 26 25 24 24 27 27 27 27 27 27 27 24 24 25 25 26 26 25 25 24 24/27",
                "ducknpc_sleep": "16/17/16",
                "ducknpc_eat": "20/22 22 22 22 22 23 23 23 23 23 23 21 21 21 21 21/20",
                "duckfnpc_sleep": "16/17/16",
                "duckfnpc_eat": "20/22 22 22 22 22 23 23 23 23 23 23 21 21 21 21 21/20"
            }
        },
        //Jacob
        {
            "LogName": "Jacob Portraits",
            "Action": "Load",
            "Target": "Portraits/Jacob, Characters/Jacob",
            "FromFile": "assets/{{Target}}/Jacob.png"
        },
        {
            "LogName": "Jacob Portraits",
            "Action": "EditImage",
            "Target": "Portraits/Jacob, Characters/Jacob",
            "FromFile": "assets/{{Target}}/Jacob_{{season}}.png",
            "When": {
                "season": "summer, fall, winter"
            }
        },
        //Eloise			
        {
            "LogName": "Eloise Everyday Wear",
            "Action": "Load",
            "Target": "Portraits/Eloise, Characters/Eloise",
            "FromFile": "assets/{{Target}}/Eloise_spring_2.png"
        },
        {
            "LogName": "Eloise Dress",
            "Action": "EditImage",
            "Target": "Portraits/Eloise, Characters/Eloise",
            "FromFile": "assets/{{Target}}/Eloise_{{season}}_1.png",
            "When": {
                "DayofWeek": "Tuesday, Wednesday, Friday"
            }
        },
        {
            "LogName": "Eloise Sprites",
            "Action": "EditImage",
            "Target": "Characters/Eloise, Portraits/Eloise",
            "FromFile": "assets/{{Target}}/Eloise_{{season}}_2.png",
            "When": {
                "DayofWeek": "Monday, Thursday, Saturday, Sunday"
            }
        },
        {
            "LogName": "Eloise Sprites",
            "Action": "EditImage",
            "Target": "Characters/Eloise, Portraits/Eloise",
            "FromFile": "assets/{{Target}}/Eloise_rain.png",
            "Update": "OnLocationChange",
            "When": {
                "IsOutdoors": true,
                "Weather": "rain, storm"
            }
        },
        // Dialogue
        {
            "LogName": "Dialogue",
            "Action": "Load",
            "Target": "Characters/Dialogue/Eloise, Characters/Dialogue/Jacob",
            "FromFile": "assets/{{Target}}/Dialogue.json"
        },
        {
            "LogName": "Schedule",
            "Action": "Load",
            "Target": "Characters/schedules/Eloise,Characters/schedules/Jacob",
            "FromFile": "assets/{{Target}}/Schedule.json"
        },
        {
            "LogName": "Schedule",
            "Action": "EditData",
            "Target": "Characters/schedules/Eloise",
            "Entries": {
                "spring": "610 Custom_ESVetHouse 30 14 1/700  Custom_EastScarpe 42 40 2/730 Town 100 95 1 \"Strings\\schedules\\Eloise:tuesday.005\"/930 SamHouse 3 13 2 Eloise_read \"Strings\\schedules\\Eloise:tuesday.001\"/1400 Town 15 72 0 \"Strings\\schedules\\Eloise:tuesday.002\"/1700 SamHouse 4 8 0 \"Strings\\schedules\\Eloise:tuesday.003\"/1900 SamHouse 3 13 2 Eloise_read"
            },
            "When": {
                "Day": "23"
            }
        },
        {
            "LogName": "Rainy Day Dialogue",
            "Action": "EditData",
            "Target": "Characters/Dialogue/rainy",
            "Entries": {
                "Eloise": "I love the rain, don't you? Dad doesn't even mind if I stomp in puddles - as long as I wear my gumboots!",
                "Jacob": "Ellie gets so restless on rainy days, she hates being confined indoors. Between her and Pepper... well, let's just say I spend a lot of time mopping!"
            }
        },
        /*{   "Action": "EditData",
"Target": "Strings/StringsFromMaps",
"Entries": {
           "VetHouse.01": "Sir Flufflekins the first wrinkles his nose and regards you suspiciously.",
           "VetHouse.02": "\"Rawk! I'm the real macaw!\"",
           "VetHouse.03": "They're all postmarked from the Gotoro Republic. Eloise must write to a friend there.",
           "VetHouse.04": "A selection of beautifully illustrated books about the flora and fauna of Stardew Valley.",
           "VetHouse.05": "Looks like this chair's taken! Her Ladyship Princess Midnight the Third eyes you regally. You feel judged, and found wanting.",
           "VetHouse.06": "Tiny colorful fish. It's very clean, but perhaps a little small? The fish seem restless.",
           "VetHouse.07": "It's tuned to the natural history channel. There's a documentary playing on birds of the rainforest.",
           "VetHouse.08": "It's filled with women's clothing, all neatly folded and packed with tissue paper. Either Dr. Jacob has diverse tastes, or they belonged to his wife.",
           "VetHouse.09": "Very neatly organized, there's a full set of the Ferngill enclyopedias, plus textbooks on animal anatomy and behaviour.",
           "VetHouse.10": "Ah, here's where all the paperbacks are hiding: From thrillers, to horror, historic fiction and even a couple of romances; it's an eclectic range.",
           "VetHouse.11": "Eloise's taste range from animal stories to tales of children solving mysteries. They're in surprisingly good condition.",
           "VetHouse.12": "'The Mona Lisa Enigma': obviously Dr Jacob indulges in fast-paced crime thrillers.",
           "VetHouse.13": "The plants all look well cared for. And what was that skittering across the soil, a lizard?",
           "VetHouse.14": "A large raccoon studies you warily. Its ears are tattered, like it's been in a fight with something.",
           "VetHouse.15": "The screensaver shows a dark-haired woman and a toddler with pigtails. His wife and Eloise, you assume.",
           "VetHouse.16": "Dr. Jacob's workbook:^There has been an increase in small animals brought in with contusions and crushed bones, suggesting the presence of predators in the area."
              }
},*/
        //Jas Schedule
        {
            "Action": "EditData",
            "Target": "Characters/schedules/Jas",
            "Entries": {
                "9": "NOT friendship Sam 6 Penny 6/900 AnimalShop 7 5 0/1100 Forest 38 10 3 \"Strings\\schedules\\Jas:ellie.000\"/1500 AnimalShop 17 15 3 jas_read/1900 AnimalShop 4 7 2/2100 AnimalShop 1 7 3 jas_sleep",
                "Tue": "900 ArchaeologyHouse 19 10 3 jas_read/1400 Town 85 103 2/1620 Town 16 91 0/1750 AnimalShop 4 7 2/2100 AnimalShop 1 7 3 jas_sleep"
            }
        },
        /* {
            "Action": "EditData",
            "Target": "Characters/schedules/Marnie",
            "Entries": {
                "9": "900 AnimalShop 17 5 0/1000 SeedShop 23 16 2/1300 SeedShop 28 17 2 marnie_exercise/1600 SeedShop 25 15 3 \"Strings\\schedules\\Marnie:Tue.000\"/1710 AnimalShop 24 15 0/2100 AnimalShop 12 5 3 marnie_sleep",
                "23": "900 AnimalShop 17 5 0/1000 SeedShop 23 16 2/1300 SeedShop 28 17 2 marnie_exercise/1600 SeedShop 25 15 3 \"Strings\\schedules\\Marnie:Tue.000\"/1710 AnimalShop 24 15 0/2100 AnimalShop 12 5 3 marnie_sleep"
            }
        },*/
        {
            "Action": "EditData",
            "Target": "Strings/schedules/Jas",
            "Entries": {
                "ellie.000": "Hear that noisy bird? It's a jerjar bird! He's my friend.$4"
            }
        },
        {
            "Action": "Load",
            "Target": "Strings/schedules/Eloise",
            "FromFile": "assets/Characters/Dialogue/EloiseStrings.json"
        },
        {
            "Action": "Load",
            "Target": "Strings/schedules/Jacob",
            "FromFile": "assets/Characters/Dialogue/JacobStrings.json"
        },
        {
            "LogName": "Adds LockedDoorWarp on Vet's Office",
            "Action": "EditMap",
            "Target": "Maps/Custom_ESVetHouse",
            "MapTiles": [
                {
                    "Position": {
                        "X": 5,
                        "Y": 9
                    },
                    "Layer": "Buildings",
                    "SetProperties": {
                        "Action": "LockedDoorWarp 5 6 Custom_ESJacobOffice 2000 2600"
                    }
                }
            ],
            "When": {
                "DayofWeek": "Tuesday"
            }
        },
        {
            "LogName": "Adds LockedDoorWarp on Vet's Office",
            "Action": "EditMap",
            "Target": "Maps/Custom_ESVetHouse",
            "MapTiles": [
                {
                    "Position": {
                        "X": 5,
                        "Y": 9
                    },
                    "Layer": "Buildings",
                    "SetProperties": {
                        "Action": "LockedDoorWarp 5 6 Custom_ESJacobOffice 800 1800"
                    }
                }
            ],
            "When": {
                "DayofWeek": "Monday, Wednesday, Thursday, Friday, Saturday, Sunday"
            }
        },
        {
            "LogName": "Adds LockedDoorWarp on Vet's Barn",
            "Action": "EditMap",
            "Target": "Maps/Custom_EastScarpe",
            "MapTiles": [
                {
                    "Position": {
                        "X": 14,
                        "Y": 11
                    },
                    "Layer": "Buildings",
                    "SetProperties": {
                        "Action": "LockedDoorWarp 11 13 Custom_ESJacobBarn 800 1600"
                    }
                }
            ],
            "When": {
                "HasSeenEvent": "57870004"
            }
        },
        {
            "LogName": "Load Chicken Tilesheet",
            "Action": "Load",
            "Target": "Maps/chicken_animations",
            "FromFile": "assets/Maps/chicken_animations.png"
        },
        {
            "LogName": "Chicken Animation Overlay Patch",
            "Action": "EditImage",
            "Target": "Maps/chicken_animations",
            "FromFile": "assets/Maps/chicken_animations.png",
            "FromArea": {
                "X": 0,
                "Y": 576,
                "Width": 640,
                "Height": 576
            },
            "ToArea": {
                "X": 0,
                "Y": 0,
                "Width": 640,
                "Height": 576
            },
            "PatchMode": "Overlay",
            "When": {
                "HasSeenEvent": "57870003"
            }
        },
        //Festivals
        {
            "Action": "Include",
            "FromFile": "assets/Festivals/JacobEloise.json"
        },
        //Events
        //Temporary Actors and Locations
        {
            "LogName": "Mandarin Duck",
            "Action": "Load",
            "Target": "Characters/MandarinDuck",
            "FromFile": "assets/Images/Mandarin_Duck_water.png"
        },
        {
            "LogName": "DeepMountains",
            "Action": "Load",
            "Target": "Maps/DeepMountainsVan",
            "FromFile": "assets/Maps/DeepMountains_Van.tmx"
        },
        {
            "LogName": "Events for VetHouse",
            "Action": "Load",
            "Target": "Data/Events/VetHouse, Data/Events/Custom_ESBirdHide",
            "FromFile": "assets/blank.json"
        },
        /***********
		E V E N T S
		***********/
        { //	Aquarium Event: after donating Blobfish
            "Action": "EditData",
            "Target": "Data/Events/FishMuseum",
            "Entries": {
                "57870001/f Jacob 500/Hn AquariumDonated:Blobfish": "submarine_song/29 33/Eloise 26 34 3 Jacob 25 34 1 farmer 20 36 0/skippable/pause 500/speak Eloise \"I don't wanna go in there. You know I don't like blobfish!$2\"/pause 500/speak Jacob \"I'm not going to make you, Ellie. But you might be pleasantly surprised.$3\"/pause 500/emote Eloise 12/move farmer 5 0 0/speak Jacob \"Oh, here's @!\"/faceDirection Jacob 2 true/faceDirection Eloise 2 true/speak Jacob \"I hear you've played a big role in helping bring this place to life.\"/pause 500/emote farmer 32/pause 500/speak Jacob \"Henry, the Curator, asked me to stop by and check on the latest arrival.#$b#But I have to confess, fish are not my specialty.$2\"/pause 500/emote Jacob 28/speak Jacob \"I thought Eloise would be more ... enthusiastic.$2\"/pause 500/speak Eloise \"I read up heaps on the blobfish, and it turns out they're not actually really blobby at all, farmer @.#$b#Only they live under super high pressure and when you pull them out, their bodies decompress and they kind of explode.$3#$b#It's gross and makes me sad.$2\"/emote Jacob 40/pause 500/speak Jacob \"You can stay here if you like, Ellie, but I've got to go and do my job, okay?\"/pause 500/textAboveHead Eloise \"Okay...\"/pause 500/move Jacob 0 -2 1/move Jacob 10 0 0 true/pause 500/speak Eloise \"Did you catch the blobfish, farmer @?$2\"/pause 500/emote farmer 60/pause 500/speak Eloise \"Well, I think that was very mean of you.$2\"/faceDirection Eloise 0/pause 500/move Eloise 0 -2 1/move Eloise 8 0 0/move Jacob 0 -2 0/jump Eloise 5/emote Eloise 16/move Eloise 0 -2 0/move farmer 0 -4 1/move farmer 7 0 1/faceDirection farmer 0/speak Eloise \"But... he's not blobby at all!\"/faceDirection Jacob 3 true/faceDirection Eloise 1 true/speak Jacob \"The tank's pressured, Ellie. It keeps the environment similar to how it would be for them, in the wild.\"/pause 500/faceDirection Eloise 0/textAboveHead Eloise \"That's so cool!\"/pause 2000/move farmer 3 0 0/emote Jacob 32/pause 500/faceDirection Jacob 2/speak Jacob \"It's a fine specimen, @.\"/pause 500/emote farmer 32/pause 500/speak Eloise \"He's still kinda ugly though!$1\"/pause 1000/end"
            }
        },
        {
            "Action": "EditData",
            "Target": "Data/Events/Custom_EastScarpe",
            "Entries": {
                //Eloise 2-heart event
                "57870002/f Eloise 500/z winter/t 1000 1600/w sunny/d Tue Wed Fri": "{{season}}_day_ambient/23 67/Eloise 20 67 1 farmer 16 69 1/addTemporaryActor MandarinDuck 16 32 28 64 3 false/addMailReceived Ellie_Mandarin/skippable/swimming MandarinDuck/pause 500/speed MandarinDuck 2/advancedMove MandarinDuck false -5 0 0 3 -1 0/move farmer 4 0 0/pause 500/faceDirection Eloise 2/speak Eloise \"Hello Farmer @! Have you come to visit my new friend?\"/pause 500/faceDirection Eloise 1/playSound Duck/pause 500/emote Eloise 32/pause 500/faceDirection Eloise 2/speak Eloise \"Do you know what he is, @?\"/pause 500/quickQuestion #Um... a duck.#... an emperor wood duck.#... a russet-bellied quackster.#Who cares, it's just a bird.(break)speak Eloise \"Well obviously!#$b#You really don't know a lot about birds, do you farmer @?#$b#He's an emperor wood duck.$1\"(break)friendship Eloise 50\\emote Eloise 20\\speak Eloise \"Wow, you really know your birds!\"(break)speak Eloise \"You made that up.$1#$b#You're silly!$1#$b#He's an emperor wood duck of course!\"(break)friendship Eloise -50\\emote Eloise 12\\speak Eloise \"Just a bird? Well.. you're just a mammal. A two-legged, rude mammal!$2\"/pause 500/faceDirection Eloise 1/speak Eloise \"You've come a long way, haven't you Mr. Wood Duck.#$b#All the way from Gotoro. That's hundreds and hundreds of miles.$3#$b#You must be hungry.$2\"/emote farmer 16/jump farmer 3/showFrame 9/addObject 20 67 216 1/pause 500/playSound Duck/pause 100/playSound Duck/faceDirection Eloise 2/emote Eloise 16/textAboveHead Eloise \"No!\"/removeSprite 20 67/speak Eloise \"Don't feed him bread! It's really bad for ducks!$2\"/emote farmer 40/emote MandarinDuck 12/faceDirection farmer 1/faceDirection MandarinDuck 1/move MandarinDuck 3 0 3/animate MandarinDuck false true 350 20 21 22 23 22 23/emote farmer 8/faceDirection farmer 0/speak Eloise \"$q 5787001 null#...#$r 5787002 50 Eloise_Duck_Y#What can I feed him then?#$r 5787002 0 Eloise_Duck_W#But he wants it!#$r 5787003 25 Eloise_Duck_G#What about grapes? Can I give him grapes?#$r 5787004 -100 Eloise_Duck_N#You're a very bossy child.\"/fork 5787004 Eloise_Bossy_Child/pause 500/stopAnimation MandarinDuck/pause 500/playSound Duck/faceDirection Eloise 1/faceDirection farmer 1/pause 500/move MandarinDuck -2 0 3/animate MandarinDuck false true 350 20 21 22 23 22 23/speak Eloise \"But it's best if he finds his own food.#$b#I'm gonna talk to Dad. He doesn't look hurt, but it's weird for him to be here.#$b#Maybe he blew over in a storm... Or escaped from a bird park.$3\"/pause 500/faceDirection Eloise 2/speak Eloise \"I've gotta go now. Come visit again soon!#$b#Just don't bring bread!\"/faceDirection Eloise 1/textAboveHead Eloise \"See you later Mr. Duck.\"/pause 1500/move Eloise 0 -4 0 true/pause 500/end",
                "Eloise_Bossy_Child": "pause 500/faceDirection Eloise 1/speak Eloise \"I'll see you later Mr. Duck.\"/pause 500/faceDirection Eloise 2/emote Eloise 40/pause 1500/faceDirection Eloise 0/move Eloise 0 -4 0 true/pause 500/end",
                //Jacob and Eloise 2-heart event
                "57870004/f Jacob 500/f Eloise 500/t 1000 1600/d Tue Wed Fri": "{{season}}_day_ambient/19 15/Eloise -100 -100 2 Jacob -100 -100 0 farmer 24 11 2/skippable/move farmer 0 3 3/move farmer -3 0 0/pause 1000/playSound doorOpen/warp Eloise 14 12/move Eloise 0 1 1 true/move farmer 0 -1 3 true/pause 1000/jump Eloise 4/textAboveHead Eloise \"Farmer!\"/speed Eloise 4/move Eloise 3 0 1/move farmer -3 0 3/speak Eloise \"Hello farmer @!$1#$b#You've come to visit us!\"/emote farmer 32/speak Eloise \"Dad's in the barn! Wanna come and meet the animals?$3\"/emote farmer 56/pause 1000/textAboveHead Eloise \"Great!\"/speak Eloise \"Follow me, Dad'll be so happy to see you. We were talking about you, and your farm and.... come on!$1\"/speed Eloise 5/move Eloise -3 0 1/speak Eloise \"what are you waiting for?\"/emote farmer 60/move farmer -3 0 3/move Eloise 0 -1 0/warp Eloise -100 -100/move farmer -1 0 0/move farmer 0 -1 0/pause 500/warp farmer -100 -100/fade/playSound doorClose/viewport -1000 -1000/changeLocation Custom_ESJacobBarn/warp Jacob 12 7/warp Eloise 11 13/viewport 13 8/speed Eloise 5/move Eloise 0 -6 1/faceDirection Jacob 3/speak Jacob \"Hey Ellie. Everything okay?$2\"/jump Eloise 2/speak Eloise \"Everything's great!$1#$b#Farmer @'s coming to meet the animals!\"/pause 500/emote Jacob 28/textAboveHead Jacob \"Oh Ellie...\"/playSound thudStep/warp farmer 11 13/faceDirection Jacob 2 true/faceDirection Eloise 2 true/emote Jacob 60/move Jacob 0 3 3 true/move farmer 0 -3 1 true/emote Eloise 32/pause 1000/speak Jacob \"It's good to see you, @. Sorry I'm a bit of a mess...$2#$b#I wasn't expecting a guest.$2\"/quickQuestion #You and me both! But that's the farming life.#There's straw in your hair.#As long as we don't shake hands, you're good.#Sorry to drop in uninvited.(break)speak Jacob \"Heh... yes, you're right of course.$4#$b#It isn't very glamorous, is it? But there's no life I'd rather lead.$1\"(break)speak Jacob \"Oh goodness, sorry... Sherbet's a bit of an enthusiastic eater.$2\"(break)speak Jacob \"Yes... of course... I'm sorry.$2#$b#%Jacob sheepishly wipes his hands on his trousers.\"(break)speak Eloise \"Hey, you weren't uninvited! I invited you!$1\"/emote Jacob 32/pause 500/speak Jacob \"Well, welcome to our barn.$1#$b#Feel free to stop by if you need any advice.#$b#Animals here are generally pretty healthy but...$2\"/pause 500/jump Eloise 4/speak Eloise \"Dad helps injured wild animals too! And there's been loads of them!$2\"/speak Jacob \"Yes, @. There are predators around.... I recommend you keep your livestock in at night.\"/pause 500/faceDirection Jacob 0/faceDirection farmer 0/speak Jacob \"Anyway, Ellie, why don't you introduce farmer @ to the animals?\"/jump Eloise 3/textAboveHead Eloise \"Okay!\"/move Eloise -3 0 0 true/move farmer 0 -3 3 true/pause 1000/move farmer -2 0 0/speak Eloise \"This is Lord Sherbet! He's an alpaca.#$b#They're the llama's friendly cousin!$1\"/pause 500/move Eloise -4 0 0 true/move farmer -4 0 0 true/pause 1000/speak Eloise \"And over here, we have his girlfriend, Lady Snowflake!\"/move Jacob 0 -3 3/emote Jacob 20/pause 1000/end dialogue Jacob \"You're welcome to visit the animals anytime you like - they enjoy the company.#$b#And feel free to help yourself to any wool they shed too.$1#$b#But please don't feed them. They're on a monitored diet.$2\"",
                //Jacob 4-heart event
                "57870003/d tue sat sun/f Jacob 1000/t 1100 1600/w sunny": "{{season}}_day_ambient/32 35/Jacob 28 35 1 farmer 39 36 3/skippable/pause 1000/move Jacob 5 0 2 true/move farmer -5 0 0 true/pause 2000/speak Jacob \"Oh, hello @. Sorry, I can't talk right now... urgent business.\"/question fork0 \"...#I'll leave you to it then.#Anything I can help with?\"/fork NoHelpJacob/pause 500/jump Jacob 3/speak Jacob \"You want to help? That would be appreciated.$1#$b#A flock of chickens have been dumped on the slopes of Mount Evermore.$3\"/emote farmer 16/speak Jacob \"A rescue group were coming to help me catch them... but they're stuck in Grampleton.$2#$b#I could certainly use another pair of hands!\"/pause 500/question fork0 \"...#I can't help, I'm too busy. Good luck though.#I'm happy to help.\"/fork NoHelpJacob/pause 500/emote Jacob 20/speak Jacob \"That would be great, thank you.$1\"/pause 500/textAboveHead Jacob \"Jump in\"/speed Jacob 4/move Jacob 0 -2 0 true/speed farmer 4/move farmer -2 0 3 true/fade/viewport -100 -100/playSound doorClose/pause 500/playSound doorClose/pause 1500/playSound busDriveOff/pause 2000/changeToTemporaryMap DeepMountainsVan/warp farmer -100 -100/warp Jacob 69 58/addTemporaryActor Brown_Chicken 16 16 47 43 1 false Animal chicken1/addTemporaryActor Brown_Chicken 16 16 51 44 1 false Animal chicken2/addTemporaryActor Brown_Chicken 16 16 56 42 1 false Animal chicken3/addTemporaryActor Brown_Chicken 16 16 78 46 2 false Animal chicken4/addTemporaryActor Brown_Chicken 16 16 57 58 0 false Animal chicken5/addTemporaryActor Brown_Chicken 16 16 67 44 3 false Animal chicken6/addTemporaryActor Brown_Chicken 16 16 55 53 1 false Animal chicken7/addTemporaryActor White_Chicken 16 16 51 57 2 false Animal chicken8/addTemporaryActor White_Chicken 16 16 48 51 2 false Animal chicken9/addTemporaryActor White_Chicken 16 16 62 45 0 false Animal chicken10/addTemporaryActor White_Chicken 16 16 55 46 3 false Animal chicken11/addTemporaryActor White_Chicken 16 16 67 60 0 false Animal chicken12/addTemporaryActor White_Chicken 16 16 53 49 1 false Animal chicken13/addTemporaryActor BabyWhite_Chicken 16 16 47 44 1 false Animal chicken14/addTemporaryActor BabyBrown_Chicken 16 16 63 51 2 false Animal chicken15/addTemporaryActor BabyWhite_Chicken 16 16 68 59 1 false Animal chicken16/viewport 63 50/pause 1000/playSound cluck/pause 500/playSound cluck/advancedMove chicken11 true 0 4 4 0 0 -4 -4 0/animate chicken13 false true 240 24 25 26 27/animate chicken10 false true 240 24 25 26 27/playSound cluck/animate chicken8 true true 500 16 17/move Jacob 0 -2 1/playSound doorOpen/warp farmer 69 55/faceDirection farmer 3 true/faceDirection Jacob 3 true/jump farmer 5/emote farmer 16/pause 1000/stopAnimation chicken13/playSound cluck/Message \"Wow, that's a lot of chickens!\"/move Jacob -1 0 3/move chicken15 0 2 1 true/move chicken5 0 -2 1 true/playSound cluck/emote Jacob 40/pause 1000/faceDirection Jacob 0/speak Jacob \"This is going to take some time...#$b#Have you ever herded chickens before, @?\"/pause 500/emote farmer 28/stopAnimation chicken10/pause 1000/quickQuestion #How hard can it be?#Nope, but I'm eager to learn!#My chickens come when called.(break)speak Jacob \"Oh, plenty hard, as soon you'll see!$1\"(break)speak Jacob \"Excellent!$1\"(break)speak Jacob \"You must be quite the chicken whisperer!$1\"/pause 1000/speak Jacob \"These girls aren't truly feral... they've been released fairly recently.#$b#It's important that we catch them now, before they get eaten by foxes or lose all trust in humans.\"/emote farmer 56/pause 500/speak Jacob \"First we're going to lure them towards us with some grain...\"/move Jacob 0 -2 3/playSound cluck/pause 500/move chicken7 4 0 1 true/move chicken6 0 4 2 true/move chicken16 0 -4 0 true/playSound cluck/playSound cluck/pause 2000/speak Jacob \"Now you need to circle around...\"/fade/viewport -100 -100/speak Jacob \"Phew, I think that's all of them now... Let's get these girls home.\"/playSound busDriveOff/changeLocation Custom_EastScarpe/warp Jacob 31 35/warp farmer 30 35/faceDirection farmer 1/viewport 32 35/pause 500/speak Jacob \"Thanks for that, @. I couldn't have done it without you.#$b#Here...\"/playSound purchase/money 500/speak Jacob \"Buy yourself something nice for lunch.\"/emote Jacob 60/pause 500/speak Jacob \"Anyway, I better get these girls settled in. You're welcome to drop by and visit them, @.\"/emote farmer 32/pause 1000/end",
                "NoHelpJacob": "pause 500/speak Jacob \"Okay, well, I'd best be going.#$b#Have a good day.\"/pause 500/faceDirection Jacob 0/move Jacob 0 -3 3/pause 1000/end",
                //"57870011/f Eloise 1500/e 57870002/z winter/d Tue Wed Fri/t 900 1600":"continue/26 65/farmer 16 51 1 Eloise 24 61 2/addTemporaryActor MandarinDuck 16 32 25 65 3 false/addTemporaryActor MandarinDuckf 16 32 24 65 1 false/skippable/swimming MandarinDuck/swimming MandarinDuck f/animate MandarinDuckf false true 350 20 21 22 23 22 23/pause 500/advancedMove MandarinDuck false 0 3 3 0 0 -3 -3 0/move farmer 8 0 2/move farmer 0 2 1/playSound duck/faceDirection Eloise 3/speak Eloise \"Look! The Emperor has a girlfriend!\"/playSound duck/playSound duck/faceDirection farmer 2/faceDirection Eloise 2/pause 500/advancedMove MandarinDuck false 0 3 3 0 0 -3 -3 0/playSound duck/playSound duck/pause 2000/speak Eloise \"Dad rescued her from a pond near Grampleton! She must've been blown over here too.\"/pause 500/faceDirection Eloise 3/speak Eloise \"Do you think they like each other?\"/faceDirection farmer 1/quickQuestion #He's definitely putting on a show.#She doesn't look very impressed.#Well, they're both ducks. So probably.#Who cares?(break)speak Eloise \"That's a courtship dance! See, the drake - that's the boy duck - he's bright colors, to impress the hen.\"(break)speak Eloise \"She doesn't? Maybe she's shy.\"(break)speak Eloise \"Hey, just because they're both the same species, doesn't mean she has to like him.\"(break)speak Eloise \"Well, I care, obviously. And you're here too, so you must be a little bit curious.\"/pause 500/faceDirection Eloise 2/faceDirection farmer 2/stopAnimation MandarinDuckf/faceDirection MandarinDuckf 1/faceDirection MandarinDuck 3/positionOffset MandarinDuckf 8 0/positionOffset MandarinDuck -8 0 0/playSound duck/playSound duck/emote MandarinDuckf 20/jump Eloise 4/faceDirection Eloise 3/faceDirection farmer 1/speak Eloise \"Yay! They do like each other. Maybe we'll even get ducklings in spring!#$b#
                //end"
                "57870017/e 57870016/A Is_Sora_Dead/t 1000 1300/d Tue Wed Fri/w sunny": "playful/20 30/farmer 21 33 3 Eloise -100 -100 2/skippable/move farmer -7 0 0/playSound doorOpen/warp Eloise 14 25/jump Eloise 5/emote Eloise 16/speed Eloise 5/move Eloise 0 6 2/emote farmer 56/message \"Eloise waves an envelope in the air.\"/jump Eloise 5/pause 500/speak Eloise \"I'm so happy to see you farmer @! Guess what?\"/emote farmer 8/speak Eloise \"Sora wrote me! He's okay!$1\"/emote farmer 32/pause 500/speak Eloise \"But that's not all! He says he's now living in a little town on the coast!$1#$b#A little village like us! And there's proper water and they're growing crops and everything!#$b#Oh, I'm so happy! I'm going to write back right away. I know! I'll send him some seeds.$1#$b#I wonder what'll grow there?#$b#Anyway, I just wanted you to know! Bye!\"/speed Eloise 5/move Eloise 0 -6 0/warp Eloise -100 -100/playSound doorClose/emote farmer 8/pause 1000/end"
            }
        },
        {
            "Action": "EditData",
            "Target": "Data/Events/Farm",
            "Entries": {
                "57870012/f Jacob 2500/f Eloise 2500/x JacobDinnerDate": "null"
            }
        },
        {
            "Action": "EditData",
            "Target": "Data/mail",
            "Entries": {
                "JacobDinnerDate": "Hi farmer @!^I just wanted to write and say that I really like you lots, and you should come over for dinner tomorrow night! What do you think? Dinner is at 6!^I really really home you'll come!^ With love,^Jacob XXOO. %item conversationTopic Jacob_DinnerDate 0%% [#]Invitation to Dinner"
            }
        },
        {
            "Action": "EditData",
            "Target": "Data/Events/Custom_ESVetHouse",
            "Entries": {
                //Eloise's 4 heart event
                "57870005/f Eloise 1000/p Eloise": "breezy/26 20/Eloise 30 24 2 farmer 27 18 2/skippable/animate Eloise false true 240 27 27 27 24 25 26 24 25 26 27/pause 1000/move farmer 0 1 2/pause 500/doAction 27 20/playSound doorOpen/stopAnimation Eloise 0/move farmer 0 3 1/faceDirection Eloise 0/speak Eloise \"Oh, hi farmer @!\"/move farmer 2 0 2/move farmer 0 1 2/faceDirection Eloise 3/emote farmer 8/pause 1000/speak Eloise \"Oh, I'm writing a letter to my friend. His name's Sora.\"/pause 500/emote farmer 16/speak Eloise \"Yes, he lives in Gotoro. In a big city.\"/faceDirection Eloise 0/speak Eloise \"Did Dad ever tell you? He and Mom lived there when I was born.$3#$b#My mom and Sora's mom were real good friends. He and I were kids together.#$b#Only I don't remember it. I was too little.$2#$b#Then Mom got sick, and Dad said we had to come home.$2\"/pause 500/faceDirection Eloise 3/textAboveHead Eloise \"She died.\"/emote farmer 28/pause 500/speak Eloise \"But Dad kept writing to Sora's mom.#$b#Her name's Hana. And after a bit, Sora started writing to me too.#$b#So now we're penfriends!$1\"/emote farmer 40/question fork0 \"...#You shouldn't be writing to the enemy!#Is he doing okay?\"/fork SoraEnemy/pause 500/emote Eloise 40/speak Eloise \"I dunno... he says it's okay... but sometimes he has to sleep in the basement, and he's scared of the dark.$2\"/faceDirection Eloise 1/emote Eloise 40/pause 500/faceDirection Eloise 3/speak Eloise \"I wish he could come here and live with us. But he won't leave his family behind.$2\"/pause 500/speak Eloise \"Anyhow, is it all right if I tell him about you?$3#$b#He says stories about the people in the valley make him smile.$1\"/pause 500/emote farmer 56/pause 1000/speak Eloise \"What do you want me to write?\"/emote farmer 40/pause 1000/end",
                "SoraEnemy": "pause 500/emote Eloise 12/speak Eloise \"Sora's not the enemy! He's just a kid like me!$2\"/pause 500/faceDirection Eloise 1/speak Eloise \"I don't want to talk to you anymore. Please leave.$2\"/emote farmer 28/pause 500/move farmer 0 -2 3/end",
                "57870010/f Eloise 500/f Jacob 1500/t 1800 2100": "breezy/25 22/Eloise 33 23 3 Jacob 32 23 1 farmer 21 14 1/skippable/pause 500/move farmer 6 0 2 true/speak Jacob \"... Delilah seemed so calm throughout the surgery.#$b#It was only afterwards, when we were cleaning up, that I realized how shaken she was.\"/speak Eloise \"And the horse lived, right?$3\"/speak Jacob \"Oh yes, he made a full recovery.#$b#He never raced again, but he went on to spend his life in the country giving rides to delighted children, like yourself.\"/pause 500/emote Eloise 20/speak Jacob \"Anyway, good night bufflehead. Time to sleep.\"/pause 500/speak Eloise \"Good night Dad. Love you.\"/speak Jacob \"Love you too.\"/pause 500/faceDirection Eloise 3/pause 500/emote Jacob 20/pause 1000/stopMusic/move Jacob -3 0 0/move Jacob 0 -2 3/move Jacob -2 0 0/viewport move 0 -3 3000/doAction 27 20/playSound doorOpen/move Jacob 0 -4 0/speak Jacob \"Ah, good evening @. I didn't expect to see you at this hour. Is everything all right?\"/move Jacob 0 -2 0/move farmer 1 0 3/move Jacob 0 -1 1/emote farmer 32/speak Jacob \"That's good. So ... why are you here?\"/question fork0 \"...#I just dropped by to see how you were.#No particular reason. I should probably go.\"/fork JacobWife/pause 500/speak Jacob \"Oh, very well. Have a good evening.\"/move Jacob 0 1 0/move farmer -5 0 3/pause 500/end",
                "JacobWife": "pause 500/speak Jacob \"Oh! Thanks for your concern.#$b#I'm fine. Just a bit tired. It's hard... running a business... and raising a daughter alone.$2\"/pause 500/emote Jacob 40/faceDirection Jacob 2/pause 500/faceDirection Jacob 1/speak Jacob \"Everything's fine at the moment. But since Del died... well, it's been like a part of me is missing.\"/pause 500/playMusic musicboxsong/speak Jacob \"We were partners - soul mates - in every sense of the word.#$b#I tell Eloise stories about Del every night, try to keep her alive in our memories.#$b#But Eloise was only a little girl...\"/pause 500/faceDirection Jacob 2/pause 1000/faceDirection Jacob 1/emote Jacob 40/pause 2000/speak Jacob \"I watch her growing up, and it's as though I'm one half of a whole... what if I'm not enough?\"/pause 500/quickQuestion #You're more than enough, you're awesome!#Hey, it's not like you're in this alone!#You're right, you'll never be enough. A girl needs her mother.#Have you considered finding another partner?(break)speak Jacob \"Thanks for your faith. Your support means a lot to me.$1\"(break)speak Jacob \"Oh, you're right of course. They do say it takes a village... and Eloise certainly has no shortage of friends!$1#$b#Penny's an excellent teacher and Marnie's a great support.\"(break)speak Jacob \"...#$b#You're right, of course. A girl does need her mother... but there's not much I can do about that, is there?$2\"(break)speak Jacob \"For my business? I've thought about taking on an assistant, to help with the workload...#$b#Not an assistant? A ... romantic partner? No... I couldn't...#$b#It wouldn't be fair on them.$2\"/pause 500/speak Jacob \"Honestly, I know we will be fine... that these are just normal solo father fears.#$b#Eloise is intelligent - and forthright enough that I'm sure she'll get wherever she wants to go in life.\"/pause 500/faceDirection Jacob 2/emote Jacob 20/pause 1000/faceDirection Jacob 1/speak Jacob \"Thanks for indulging my self-doubt, @. Now, since you're here, would you like a cup of cocoa?\"/pause 500/emote farmer 32/move Jacob 0 -1 1/faceDirection farmer 0/move Jacob 3 0 1/faceDirection farmer 1/pause 500/end",
                "57870013/e 57870012/f Jacob 2500/f Eloise 2500/A Jacob_DinnerDate/t 1800 2100": "playful/21 12/Jacob 32 13 0 Eloise 27 19 0 farmer 10 18 0/skippable/emote Jacob 56/speed Eloise 4/move Eloise 0 -6 1/pause 500/emote Eloise 12/pause 500/speak Eloise \"Dad... is that what you're wearing?$3\"/faceDirection Jacob 3/pause 500/emote Jacob 8/pause 500/speak Jacob \"Um... Yes?\"/pause 500/emote Eloise 40/speed Eloise 3/move Eloise 3 0 1/speak Eloise \"But those are just your normal clothes!$3#$b#Don't you want to look good for farmer @?\"/pause 500/textAboveHead Jacob \"Do I?\"/pause 500/jump Eloise 4/emote farmer 40/speak Eloise \"Of course you do, Dad!$3\"/showFrame 15/playSound stairsdown/showFrame 12/faceDirection Eloise 3/textAboveHead Eloise \"They're here!\"/speak Jacob \"Why don't you let @ in, Ellie. And I'll get the food on the table.\"/textAboveHead Eloise \"Okay!\"/speed Eloise 5/move Eloise -5 0 2/pause 700/fade/viewport -1000 -1000/pause 1000/warp farmer 10 18 true/warp Eloise 10 15 true/pause 500/viewport 13 17/pause 500/doAction 10 17/playSound doorOpen/speak Eloise \"Hello farmer @! Dad's been really looking forward to this.#$b#He really likes you.$1#$b#(Eloise lowers her voice conspiratively) *Likes you* likes you.$1\"/pause 500/quickQuestion #Do you really think so?#That's good, because I really like him too!#I'm fond of him... but not in that way.#I really doubt that's true.(break)speak Eloise \"I don't think so, I know so! He's always talking about you!$1\"(break)jump Eloise 4\\speak Eloise \"You do?! I mean, of course you do! Cos my dad's brave and strong, and super kind.$3#$b#But I'm really glad.$1\"(break)textAboveHead Eloise \"Oh...\"\\speak Eloise \"Are you sure? Cos he's brave and strong, and super kind!$3\"(break)speak Eloise \"It is true! I know it! You'll see!$3\"/pause 500/speak Jacob \"Come on! The food's getting cold. You can talk @'s ears off after dinner, Ellie.\"/faceDirection Eloise 1/speak Eloise \"Okay Dad, we're coming.\"/faceDirection Eloise 2/pause 500/move Eloise 3 0 3 true/move farmer 0 -3 1 true/textAboveHead Eloise \"Come on.\"/pause 1000/move Eloise 3 0 1 true/move farmer 3 0 1 true/fade/viewport -100 -100/speak Eloise \"My dad's an awesome cook.\"/pause 1000/warp Jacob 34 14/warp farmer 30 14/warp Eloise 31 16/faceDirection Eloise 0/message \"She's right; Jacob is an excellent cook, and conversation is pleasant and easy.\"/stopMusic/viewport 29 17/playMusic jaunty/pause 500/speak Jacob \"Okay, are you ready for dessert?\"/pause 500/speak Eloise \"May I please be excused from the table?\"/emote Jacob 8/pause 500/speak Jacob \"But it's melon cake. Your favorite!$2\"/speak Eloise \"I'm really, really full. And I've got to write to Sora.\"/faceDirection farmer 2/emote Eloise 32/pause 500/speak Eloise \"See you later, farmer @.\"/faceDirection farmer 1/textAboveHead Eloise \"Goodnight Dad\"/speak Jacob \"Goodnight Bufflehead. I'll come tuck you in later.\"/emote Jacob 20/pause 1000/move Eloise -4 0 2/move Eloise 0 4 2/doAction 27 20/playSound doorOpen/advancedMove Eloise false 0 1 2 0 0 2/speak Jacob \"I'm sorry... I don't know what's come over her.$2\"/question fork0 \"...#I do... she's playing match-maker.#Neither do I. So, did you say dessert?\"/fork Eloise_MatchMaker/pause 500/jump Jacob 3/speak Jacob \"I did!$1\"/faceDirection Jacob 0/fade/viewport -100 -100/message \"The melon cake is pretty good too, and the evening is most enjoyable.\"/pause 1000/end warpOut",
                "Eloise_MatchMaker": "pause 500/emote Jacob 28/pause 1000/speak Jacob \"Oh. That's... This is awkward.$2\"/pause 1000/faceDirection Jacob 0/move Jacob 0 -1 3/move Jacob -2 0 3/speak Jacob \"Well, it is true, @. I am very fond of you... but err...\"/speak Jacob \"$q 5787014 null#...#$r 5787015 100 Jacob_Date#Jacob, I really like you. Would you like to go out with me?#$r 5787016 50 Jacob_Friendzone#I'm fond of you too. But as friends. Nothing more.#$r 5787016 -100 Jacob_Ditched#It's ridiculous. You're the last person I'd want to date.\"/fork 5787015 Jacob_PseudoDate/pause 500/emote Jacob 60/speak Jacob \"Err, well that's sorted. Shall we have dessert now then?\"/pause 500/emote farmer 32/faceDirection Jacob 0/fade/viewport -100 -100/message \"The melon cake is pretty good too, and the evening is most enjoyable.\"/pause 1000/end warpOut",
                "Jacob_PseudoDate": "pause 500/jump Jacob 3/emote Jacob 28/pause 1000/emote farmer 8/pause 1000/speak Jacob \"I'm sorry, @. I like you too... well, a lot. But it wouldn't be fair on you.$2#$b#I'm not ready for a longterm commitment, not again. And Ellie... well she must always be my first priority.#$b#I'm sorry. I most genuinely am.$2\"/pause 1500/quickQuestion #That's okay. I understand.#Well, maybe one day?#Ah well, your loss.#Oh...I'm sorry too.(break)speak Jacob \"Thank you for respecting my decision, @.#$b#I hope that we shall remain friends, and this won't make things awkward.\"(break)speak Jacob \"Perhaps indeed, when Ellie has moved onto college, or to rule their world.$1#$b#But I would never ask you to wait for me, @.$2\"(break)speak Jacob \"Yes indeed... My loss. But you, I'm sure, will be fine.\"(break)speak Jacob \"I hope this doesn't change anything and we can still remain friends?\"/pause 500/emote Jacob 32/emote farmer 60/pause 1000/speak Jacob \"Now, did you want to try the dessert?$1\"/pause 500/emote farmer 32/pause 1000/fade/viewport -100 -100/message \"The melon cake is pretty good too, but things now feel a little awkward.\"/pause 1000/end warpOut",
                //"Jacob_PseudoDate": "pause 500/jump Jacob 3/speak Jacob \"I mean, yes. Yes. I'd be delighted to go out with you.\"/pause 500/emote Jacob 28/pause 1000/emote farmer 8/pause 1000/speak Jacob \"I'm not ready for a longterm commitment, and you do understand I can't leave the farm though, don't you? Or Ellie?\"/question fork0 \"...#I'm fine with that. As long as I can come visit you!#You mean we can't marry? Oh, maybe I should reconsider.\"/fork Jacob_PsuedoDateYes/pause 500/speak Jacob \"I understand. I'm a little disappointed, yes. But I understand.#$b#Now, did you want to try the dessert.$1\"/pause 500/emote farmer 32/faceDirection Jacob 0/fade/viewport -100 -100/message \"The melon cake is pretty good too, and the evening is most enjoyable.\"/pause 1000/end warpOut",
                //"Jacob_PseudoDateYes": "pause 500/speak Jacob \"You most certainly may.$4\"/addMailReceived Jacob_Dating/addConversationTopic Jacob_Dating 5/move Jacob 0 -1 3/move Jacob -4 0 2/faceDirection farmer 2/speak Jacob \"So... dessert?$4\"/pause 1000/fade/end warpOut"\
                "57870016/f Eloise 2000/t 1000 1300/d Tue Wed Fri": "none/15 19/Jacob 8 23 0 farmer -100 -100 0 Eloise -100 -100 0/skippable/addConversationTopic Is_Sora_Dead 14/pause 400/warp farmer 12 27/move farmer 0 -4 3 true/faceDirection Jacob 1/emote Jacob 32/speak Jacob \"Hello @. I don't suppose you've seen Eloise, have you?\"/emote farmer 36/pause 500/move Jacob 2 0 1/speak Jacob \"I was listening to the radio this morning... and there was breaking news about the war in Gotoro.$2#$b$Ellie's friend Sora lives there, you know.#$b#She raced off before I could stop her, and shut herself in her bird hide.$2\"/emote farmer 8/speak Jacob \"Of course I tried to talk to her, but she wouldn't let me in.#$b#Or listen. She can be as stubborn as her mother was, at times.$2\"/faceDirection Jacob 2/pause 500/faceDirection Jacob 1/speak Jacob \"But maybe she'd talk to you, @. She speaks very highly of you.\"/emote farmer 32/pause 500/textAboveHead Jacob \"Thank you\"/speak Jacob \"Tell her it'll be lunchtime soon, and it's cranberry jelly sandwiches. With cake for afterwards.\"/emote Jacob 20/pause 1000/move farmer 0 4 2/fade/viewport -1000 -1000/changeLocation Custom_EastScarpe/viewport -1000 -1000/warp farmer 7 8/faceDirection farmer 0/warp Jacob -100 -100/viewport 16 11/pause 1000/showFrame 15/playSound stairsdown/showFrame 12/speak Eloise \"Dad... I don't wanna talk yet, okay.$2\"/pause 500/emote farmer 56/pause 500/speak Eloise \"Farmer @? Oh, I suppose you can come in.$2\"/pause 1000/fade/viewport -1000 -1000/playSound doorOpen/changeLocation Custom_ESBirdHide/viewport -1000 -1000/warp Eloise 5 4/showFrame Eloise 16/viewport 3 4/pause 500/warp farmer 3 7/move farmer 0 -2 1/emote farmer 8/pause 500/playMusic desolate/speak Eloise \"Do you think Sora's gone, farmer @?$2#$b#Gone... Like Mom and... and Princess Midnight the first?$2\"/move farmer 1 0 0/showFrame Eloise 8/pause 500/faceDirection Eloise 2/speak Eloise \"He hasn't written to me in forever... and Dad says... $2#$b#Dad says that's cos the mail's really bad and they need their trucks for the war...$2#$b#But there's bombs falling and hardly any food. And...$2\"/pause 500/move Eloise 0 1 3/faceDirection farmer 1/pause 500/textAboveHead Eloise \"I'm scared.\"/pause 1000/question fork0 \"...#I'm sure he's absolutely fine.#You're right. You'll probably never hear from him again.\"/fork ComfortEloise/pause 500/jump Eloise 5/emote Eloise 12/pause 1000/speak Eloise \"You're mean.$2\"/faceDirection Eloise 0/speak Eloise \"I think you should leave now.$3\"/pause 500/emote farmer 8/pause 1000/faceDirection farmer 2/fade/end warpOut"
            }
        },
        {
            "Action": "EditData",
            "Target": "Data/Events/Custom_ESBirdHide",
            "Entries": {
                "ComfortEloise": "pause 500/speak Eloise \"I really hope you're right...$3\"/pause 500/faceDirection Eloise 0/faceDirection farmer 0/stopMusic/pause 1000/faceDirection Eloise 3/faceDirection farmer 1/speak Eloise \"I'm hungry. wanna come and get lunch?\"/emote farmer 32/pause 1000/end"
            }
        },
        {
            "Action": "EditData",
            "Target": "Data/Events/ArchaeologyHouse",
            "Entries": {
                "57870008/d Mon Thu Sat Sun/k 69660010/p Eloise/p Leo": "libraryTheme/-100 -100/Leo 18 12 0 Eloise 9 14 1 Penny 17 9 2 Jas 19 10 3 Vincent 16 10 1 farmer 3 10 0 Gunther 3 8 2/skippable/showFrame Jas 22/showFrame Vincent 24/showFrame Penny 18/showFrame Leo 24/viewport 17 12/move Eloise 3 0 0/move Eloise 0 -2 1/move Eloise 1 0 1/pause 500/emote Eloise 16/jump Eloise 5/speed Eloise 5/move Eloise 3 0 1/textAboveHead Eloise \"Who are you?\"/pause 500/showFrame Leo 8/faceDirection Leo 3/pause 500/speak Eloise \"That's my seat!$3\"/pause 500/speak Leo \"I'm Leo. I'm sorry, I didn't mean to take your seat.$2\"/emote Eloise 40/pause 2000/speak Eloise \"Oh, that's okay. I don't mind sitting next to Vinny.$1\"/faceDirection Vincent 2/faceDirection Eloise 0/emote Eloise 32/pause 500/move Eloise 1 0 1/speak Eloise \"I like your clothes... Do you collect feathers too?$3\"/pause 500/speak Leo \"They were gifts... from my... my bird family.\"/jump Eloise 3/speak Eloise \"Your bird family? You have a bird family? Like pets? What species? Were they parrots? Those look like parrot feathers!$3\"/emote Leo 60/pause 1000/speak Leo \"Not pets... like friends... family...$2\"/pause 500/faceDirection Leo 0/emote Leo 40/pause 1000/showFrame Penny 0/speak Penny \"I know you've got lots of questions for Leo, Eloise. But it would be a good idea to save them for later.\"/speak Jas \"Leo's shy. And you're scaring him.$4\"/textAboveHead Eloise \"Oh...\"/pause 500/speak Eloise \"I'm sorry, Leo. I didn't mean to scare you...$2#$b#I'm just excited and I really, really love birds. Can we be friends?$3\"/faceDirection Leo 3/emote Leo 32/speak Leo \"I would like to be friends, yes. Would you like to meet some of my bird family?$3\"/speak Eloise \"I'd love that.$1#$b#And I promise I won't ask too many questions, okay?\"/faceDirection Eloise 0/pause 1000/speak Eloise \"I can be quiet, honest!\"/pause 500/speak Leo \"It's okay. My bird family, they can be pretty noisy too.$1\"/faceDirection Eloise 1 true/faceDirection Leo 3 true/emote Eloise 32 true/emote Leo 32 true/pause 1000/speak Penny \"Excuse me children, but it's time for today's lesson...\"/faceDirection Eloise 0 true/faceDirection Leo 0 true/faceDirection Vincent 3 true/pause 1000/showFrame Leo 24/showFrame Eloise 16/showFrame Vincent 24/pause 1000/speak Penny \"Today we're going to learn a little about...\"/viewport move -2 0 1000 true/pause 2000/end",
                "57870015/e 57870014/A EloiseQuiet/p Eloise/p Leo/d Mon Thu Sat Sun": "libraryTheme/9 12/Penny 12 12 3 Eloise 11 12 1 farmer -100 -100 0 Leo 7 12 3 Gunther 3 8 2/skippable/playSound doorOpen/warp farmer 3 14/move farmer 0 -2 1 true/move Leo -2 0 3 true/pause 500/speak Leo \"@! You're friends with Ellie, right?\"/emote farmer 32/move Leo -1 0 3/pause 1000/speak Leo \"She doesn't seem to want to talk to me anymore.$2#$b#I think maybe I made some stupid mistake and now she's mad at me.$3\"/quickQuestion #She thinks you'll like her better if she's quiet.#She has a crush on you, and she's jealous of Jas.#Why don't you just ask her yourself?#She thinks you're weird.(break)emote Leo 8\\speak Leo \"Why would she think that? Cos I said she chattered like a parrot?$2#$b#I thought that was a compliment. Parrots are awesome.$3\"(break)emote Leo 16\\speak Leo \"A crush... on me? But she's so fun and friendly. Why would she like a guy like me?$3\"(break)speak Leo \"Yeh... I probably should. But what if she says something I don't like?$3#$b#Oh, I'm sure she won't; I'll be okay.$1\"(break)emote Leo 12\\speak Leo \"Does she...Oh...$2#$b#That's okay. Linus says it's fine to be different. It's what makes us all unique.\"/pause 500/emote Leo 40/pause 1000/speak Leo \"You know what? I'm going to go talk to her now.#$b#Bye @.\"/pause 500/move Leo 2 0 2/move Leo 0 2 1 true/move Eloise 0 2 3 true/faceDirection Penny 2/pause 1000/move Penny -2 0 3 true/move farmer 0 -2 0 true/emote Leo 32/textAboveHead Leo \"Ellie!\"/pause 500/jump Eloise 5/pause 1000/emote Eloise 60/pause 500/move Leo 1 0 1 true/move Eloise -1 0 3 true/speak Leo \"So... Ellie... you've been kinda quiet recently. And there's something I've gotta talk to you about....$3\"/emote Eloise 28/pause 1000/end"
            }
        },
        {
            "Action": "EditData",
            "Target": "Data/Events/ArchaeologyHouse",
            "Entries": {
                "57870009/d Mon Thu Sat Sun/k 57870008/p Eloise/p Cecily": "libraryTheme/-100 -100/Cecily 18 12 0 Eloise 9 14 1 Penny 17 9 2 Jas 19 10 3 Vincent 16 10 1 farmer 3 10 0 Gunther 3 8 2/skippable/showFrame Jas 22/showFrame Vincent 24/showFrame Penny 18/showFrame Cecily 17/viewport 17 12/move Eloise 3 0 0/move Eloise 0 -2 1/move Eloise 1 0 1/pause 500/emote Eloise 16/jump Eloise 5/speed Eloise 5/move Eloise 3 0 1/textAboveHead Eloise \"Who are you?\"/pause 500/showFrame Cecily 8/faceDirection Cecily 3/pause 500/speak Eloise \"That's my seat!$3\"/pause 500/speak Cecily \"I'm Cecily. Gunther's my dad, and I live with him now.#$b#Sorry if I took your seat. I didn't know there were other kids here.$2\"/emote Eloise 40/pause 2000/speak Eloise \"That's okay. I don't mind sitting next to Vinny.$1\"/faceDirection Vincent 2/faceDirection Eloise 0/emote Eloise 32/pause 500/move Eloise 1 0 1/speak Eloise \"But aren't you a bit big for middle school?$3\"/pause 500/emote Cecily 12/pause 500/speak Penny \"Excuse me girls, but it's time for today's lesson...\"/faceDirection Eloise 0 true/faceDirection Cecily 0 true/faceDirection Vincent 3 true/pause 1000/showFrame Cecily 17/showFrame Eloise 16/showFrame Vincent 24/pause 1000/speak Penny \"Today we're going to learn a little about...\"/viewport move -2 0 1000 true/pause 2000/end"
            },
            "When": {
                "HasMod": "Wolf.Gun"
            }
        },
        {
            "LogName": "Places cushion for Eloise",
            "Action": "EditMap",
            "Target": "Maps/ArchaeologyHouse",
            "MapTiles": [
                {
                    "Position": {
                        "X": 17,
                        "Y": 12
                    },
                    "Layer": "Back",
                    "SetTileSheet": "untitled tile sheet",
                    "SetIndex": "508"
                }
            ],
            "When": {
                "HasSeenEvent: hostPlayer": "6497428, 57870009, 75160033 "
            }
        },
        {
            "Action": "EditData",
            "Target": "Characters/schedules/Eloise",
            "Entries": {
                "Tue": "630 Custom_ESVetHouse 30 14 1/700 Custom_EastScarpe 42 40 2/730 Town 100 95 1 \"Strings\\schedules\\Eloise:schoolday.000\"/1000 ArchaeologyHouse 17 12 0 Eloise_kneel/1400 Town 88 103 2/1620 Town 17 91 0/1750 AnimalShop 6 5 0 Eloise_read",
                "Wed": "630 Custom_ESVetHouse 30 14 1/700 Custom_EastScarpe 42 40 2/730 Town 100 95 1 \"Strings\\schedules\\Eloise:schoolday.001\"/1000 ArchaeologyHouse 17 12 0 Eloise_kneel/1400 Town 88 103 2/1640 Custom_EastScarpe 19 68 1/1800 Custom_ESVetHouse 24 15 0/2100 Custom_ESVetHouse 33 23 2"
            },
            "When": {
                "HasSeenEvent: hostPlayer": "6497428, 57870009, 75160033"
            }
        },
        {
            "Action": "EditData",
            "Target": "Data/Events/Town",
            "Entries": {
                //Jacob 4-heart event with Clint
                "57870006/f Jacob 1000/f Clint 1000/t 1800 2200/w sunny": "nightTime/91 83/Jacob 93 82 1 Clint 94 82 3 farmer 85 89 1/skippable/pause 500/speak Clint \"...look, I just don't want to, okay. Why are you even here?$2#$b#Aren't there animals or something that are more worthy of your attention?$3\"/faceDirection Clint 0/emote Clint 12/pause 500/warp Clint -1000 -1000/playSound doorClose/emote Jacob 60/pause 1000/pause 1000/move Jacob 1 0 0/emote Jacob 40/pause 2000/textAboveHead Jacob \"I'm sorry...\"/pause 1000/faceDirection Jacob 2/move Jacob -1 0 2/move Jacob 0 7 2 true/viewport move 0 2 1000 true/move farmer 7 0 1 true/pause 4000/faceDirection Jacob 3/jump Jacob 5/speak Jacob \"Oh, you startled me, @.\"/quickQuestion #What was that about?#Sorry to startle you.#Pleasant evening, isn't it?\"(break)speak Jacob \"Oh... you heard? Just family business.$2\"(break)speak Jacob \"Oh, it's fine... I guess I'm just a bit jumpy tonight.$2\"(break)speak Jacob \"Um yes, I suppose... I hadn't really noticed.$2\"/pause 500/emote Jacob 40/emote farmer 8/pause 1000/speak Jacob \"Anyhow, I shouldn't keep you. Best be going. Animals to tend to...$2#$b#Take care, @.\"/speed Jacob 2/move Jacob 0 5 1 true/faceDirection farmer 2/emote farmer 8/pause 1000/end"
            },
            "When": {
                "HasMod |contains=aeki.ByeByeClintHelloClarice": false
            }
        },
        {
            "Action": "EditData",
            "Target": "Data/Events/Town",
            "Entries": {
                //Eloise gets upset about Leo
                "57870014/f Eloise 2000/f Leo 2500/t 1000 1600/d Mon Thu Fri Sat Sun/w sunny": "continue/98 92/Eloise 98 89 2 farmer 94 94 1/skippable/addConversationTopic EloiseQuiet 7/move farmer 3 0 1/pause 500/faceDirection farmer 0/emote farmer 8/pause 1500/emote farmer 56/move Eloise -1 0 2/pause 500/shake Eloise 200/move farmer 0 -1 0/question null \"...#Is everything okay?#What's wrong?\"/pause 500/move Eloise 0 2 2/playMusic desolate/pause 500/emote Eloise 28/speak Eloise \"It's Leo... I really like him... but I heard him talking...$2#$b#I heard him say he likes Jas! He likes Jas more than he likes me...$2#$b#And it's not fair. Cos I like him lots! I like him more than Jas likes him!$2\"/pause 500/shake Eloise 500/quickQuestion #It's probably because you talk too much.#That might be, but I'm sure you can all be friends.#That's silly, I'm sure he likes you well enough.#You're just kids. You'll get over it.(break)speak Eloise \"Oh... He does say I chatter like a parrot...$3\"(break)speak Eloise \"Of course we're all friends. You don't understand...$2\"(break)emote Eloise 12\\speak Eloise \"It's not silly! Dad says feelings are never silly.#$b#And he does like me, but he likes her *better*.\"(break)emote Eloise 12\\friendship Eloise -50\\speak Eloise \"You're mean.$2\"/pause 500/faceDirection Eloise 1/pause 500/faceDirection Eloise 2/speak Eloise \"I know! Maybe if I am quiet like Jas, maybe then he'll like me better? What do you think farmer @?$3\"/emote farmer 40/pause 1500/jump Eloise 5/speak Eloise \"I'll do it! I can prove it, I can be quiet, I can!\"/pause 500/speed Eloise 5/move Eloise 4 0 0/faceDirection farmer 1/move Eloise 0 -1 0/warp Eloise -100 -100/emote farmer 8/pause 1000/end"
            }
        },
        //Compatibility Patches
        {
            "LogName": "Schedule",
            "Action": "EditData",
            "Target": "Characters/schedules/Jacob",
            "Entries": {
                "22": "610 Custom_ESVetHouse 34 14 3/650 Custom_ESVetHouse 31 14 2/830 CommunityCenter 38 10 0/1300 CommunityCenter 32 14 3/1700 CommunityCenter 35 17 3/1750 Custom_ESVetHouse 31 5 0/2200 Custom_ESVetHouse 20 4"
            },
            "When": {
                "HasSeenEvent": "191393",
                "HasMod": "FlashShifter.StardewValleyExpandedALL"
            }
        },
        {
            "LogName": "Schedule",
            "Action": "EditData",
            "Target": "Characters/schedules/Eloise",
            "Entries": {
                "22": "630 Custom_ESVetHouse 30 14 1/830 CommunityCenter 16 22 0 Eloise_kneel/1700 CommunityCenter 34 17 1/1750 Custom_ESVetHouse 31 5 0/2200 Custom_ESVetHouse 20 4"
            },
            "When": {
                "HasSeenEvent": "191393",
                "HasMod": "FlashShifter.StardewValleyExpandedALL"
            }
        },
        {
            "LogName": "Randy Dialogue",
            "Action": "EditData",
            "Target": "Characters/Dialogue/Eloise",
            "Entries": {
                "Town_88_103": "Hello farmer @! I'm helping Randy with his reading.#$b#(whispers) But I'm not sure he really understands how books work.$1"
            },
            "When": {
                "HasSeenEvent": "47360003",
                "DayofWeek": "Tuesday"
            }
        },
        {
            "LogName": "Randy Dialogue",
            "Action": "EditData",
            "Target": "Characters/Dialogue/Randy",
            "Entries": {
                "Town_87_103": "Hi! Ellie is new friend! She very smart!#$b#But sometimes treat Randy like me stupid.$s#$b#And that make Randy sad. Cos Randy not stupid, no?$2"
            },
            "When": {
                "DayofWeek": "Tuesday"
            }
        },
        {
            "LogName": "Eloise reacts",
            "Action": "EditData",
            "Target": "Characters/Dialogue/Eloise",
            "Entries": {
                "Custom_EastScarpe_55_89": "Did you know that {{random: if a starfish loses its arm it grows back?, some starfish can release venom so you've got to be careful not to touch them!, starfish eat by pushing their stomach out their mouth and over the prey!, starfish aren't fish at all so the name's silly!, starfish have no brain or blood?, starfish can live for 35 years!}}",
                "summer_28_2": "Are you going to come and see the jellies tonight, @?#$b#Did you know that {{random: jellyfish don't have any brains but can smell and detect light, jellyfish don't poop - they throop!, some jellyfish have nasty stings and can kill you, jellyfish are eaten by lots of sea creatures, some jellyfish live forever by going back to being babies again!}}"
            }
        },
        {
            "LogName": "Leo-related Dialogue",
            "Action": "EditData",
            "Target": "Characters/Dialogue/Eloise",
            "Entries": {
                "summer_Mon8": "I found a really pretty feather for Leo today... I'm going to give it to him in class tomorrow. I really hope he likes it!$1",
                "Sat10": "Do you think Leo likes me?$3#$b#Sometimes I think he likes Jas better...$2",
                "fall_Tue10": "Isn't Leo cool? He can talk to birds! He's amazing.$1",
                "fall_26": "I hope Leo likes my costume for Spirit's Eve tomorrow.$3#$b#You'll be there too, right? Dad always looks forward to seeing you.$1",
                "summer_12": "Leo says the crested flamingos are a bit like the gembirds on his island.#$b#They sound really magical, I wish I could see them.$3"
            },
            "When": {
                "HasSeenEvent |contains=6497428": true
            }
        },
        {
            "LogName": "Penny Notices",
            "Action": "EditData",
            "Target": "Characters/Dialogue/Penny",
            "Entries": {
                "EloiseQuiet": "Eloise usually has all the answers... but she's been very quiet recently. I hope nothing's wrong at home.$2"
            },
            "When": {
                "DayOfWeek": "Thursday, Friday, Saturday, Sunday"
            }
        },
        {
            "LogName": "Jas Notices",
            "Action": "EditData",
            "Target": "Characters/Dialogue/Jas",
            "Entries": {
                "EloiseQuiet": "Do you think Ellie's mad at me, @?"
            },
            "When": {
                "DayOfWeek": "Thursday, Friday, Saturday, Sunday"
            }
        },
        {
            "LogName": "Vincent Notices",
            "Action": "EditData",
            "Target": "Characters/Dialogue/Vincent",
            "Entries": {
                "EloiseQuiet": "The girls don't want to play with me anymore.$2#$b#And something's made Eloise sad. I told jokes to cheer her up, but it didn't work.$2"
            },
            "When": {
                "DayOfWeek": "Thursday, Friday, Saturday, Sunday"
            }
        },
        {
            "LogName": "Marnie Notices",
            "Action": "EditData",
            "Target": "Characters/Dialogue/Marnie",
            "Entries": {
                "EloiseQuiet": "Jas and Ellie were best friends... but now Ellie's barely talking.#$b#Do you know what's wrong, @? Did they have some sort of fight?$2"
            },
            "When": {
                "DayOfWeek": "Thursday, Friday, Saturday, Sunday"
            }
        },
        {
            "LogName": "Eloise plays mute",
            "Action": "EditData",
            "Target": "Characters/Dialogue/Eloise",
            "Entries": {
                "Mon8": "... I'm quiet as a mouse, farmer @.",
                "Tue8": "... Vincent keeps telling me jokes. I think he's trying to cheer me up.#$b#It's really hard not to laugh.",
                "Wed8": "... I've started writing down stuff instead of saying it out loud.#$b#And now I need a new notebook!$1",
                "Thu8": "... it's really, really hard not to talk all the time.$3",
                "Fri8": "... I don't think it's working... Leo doesn't seem to want to talk to me anymore.$2",
                "Sat8": "... I knew the right answer in class yesterday, but I didn't say anything.#$b#Miss Penny looked all frowny.$2",
                "Sun8": "..."
            },
            "When": {
                "HasSeenEvent |contains=57870014": true,
                "HasSeenEvent |contains=57870015, 69660015": false
            }
        }
    ]
}