{
    "Changes": [
        {
            "Action": "EditData",
            "Target": "Data/SpecialOrders",
            "Entries": {
                "EastScarp.SpecialOrders.JosephineJelly": {
                    "Name": "[EastScarp.SpecialOrders.JosephineJelly_Name]",
                    "Requester": "",
                    "Duration": "ThreeWeeks",
                    "Repeatable": "false",
                    "RequiredTags": "event_57873000, !mail_Josephine_Leaves, !season_winter",
                    "OrderType": "",
                    "SpecialRule": "",
                    "Text": "[EastScarp.SpecialOrders.JosephineJelly_Text]",
                    "ItemToRemoveOnEnd": null,
                    "MailToRemoveOnEnd": null,
                    "RandomizedElements": null,
                    "Objectives": [
                        {
                            "Type": "Collect",
                            "Text": "[EastScarp.SpecialOrders.JosephineJelly_Objective_0_Text]",
                            "RequiredCount": "12",
                            "Data": {
                              "AcceptedContextTags": "fruit_item"
                            }
                          },
                        {
                            "Type": "Collect",
                            "Text": "[EastScarp.SpecialOrders.JosephineJelly_Objective_1_Text]",
                            "RequiredCount": "12",
                            "Data": {
                              "AcceptedContextTags": "jelly_item"
                            }
                          },
                          {
                            "Type": "Donate",
                            "Text": "[EastScarp.SpecialOrders.JosephineJelly_Objective_2_Text]",
                            "RequiredCount": "12",
                            "Data": {
                              "DropBox": "ESInnFridge",
                              "DropBoxGameLocation": "Custom_EastScarpeInn",
                              "DropBoxIndicatorLocation": "45 8",
                              "AcceptedContextTags": "jelly_item"
                            }
                          }
                    ],
                    "Rewards": [
                        {
                            "Type": "Money",
                            "Data": {
                                "Amount": "6000"
                            }
                        },
                        {
                            "Type": "Mail",
                            "Data": {
                                "MailReceived": "EastScarp.SpecialOrders.JosephineJellyMail",
                                "NoLetter": "false"
                            }
                        }
                    ]
                },
                "EastScarp.SpecialOrders.SlayCrabs": {
                    "Name": "[EastScarp.SpecialOrders.SlayCrabs_Name]",
                    "Requester": "",
                    "Duration": "TwoWeeks",
                    "Repeatable": "true",
                    "RequiredTags": "",
                    "OrderType": "",
                    "SpecialRule": "",
                    "Text": "[EastScarp.SpecialOrders.SlayCrabs_Text]",
                    "ItemToRemoveOnEnd": null,
                    "MailToRemoveOnEnd": null,
                    "RandomizedElements": null,
                    "Objectives": [
                        {
                            "Type": "Slay",
                            "Text": "[EastScarp.SpecialOrders.SlayCrabs_Objective_0_Text]",
                            "RequiredCount": "50",
                            "Data": {
                                "TargetName": "Rock Crab, Lava Crab"
                            }
                        }
                    ],
                    "Rewards": [
                        {
                            "Type": "Money",
                            "Data": {
                                "Amount": "5000"
                            }
                        },
                        {
                            "Type": "Mail",
                            "Data": {
                                "MailReceived": "EastScarp.SpecialOrders.SlayCrabsMail",
                                "NoLetter": "false"
                            }
                        }
                    ]
                },
                "EastScarp.SpecialOrders.LadySheba": {
                    "Name": "[EastScarp.SpecialOrders.LadySheba_Name]",
                    "Requester": "Jas",
                    "Duration": "OneWeek",
                    "Repeatable": "false",
                    "RequiredTags": "",
                    "OrderType": "",
                    "SpecialRule": "",
                    "Text": "[EastScarp.SpecialOrders.LadySheba_Text]",
                    "ItemToRemoveOnEnd": null,
                    "MailToRemoveOnEnd": null,
                    "RandomizedElements": null,
                    "Objectives": [
                        {
                            "Type": "Collect",
                            "Text": "[EastScarp.SpecialOrders.LadySheba_Objective_0_Text]",
                            "RequiredCount": "5",
                            "Data": {
                                "AcceptedContextTags": "fish_item"
                            }
                        },
                        {
                            "Type": "Donate",
                            "Text": "[EastScarp.SpecialOrders.LadySheba_Objective_1_Text]",
                            "RequiredCount": "5",
                            "Data": {
                                "DropBox": "ESCrate",
                                "DropBoxGameLocation": "Custom_EastScarpe",
                                "DropBoxIndicatorLocation": "13 90",
                                "MinimumCapacity": "9",
                                "AcceptedContextTags": "fish_item"
                            }
                        }
                    ],
                    "Rewards": [
                        {
                            "Type": "Money",
                            "Data": {
                                "Amount": "500"
                            }
                        },
                        {
                            "Type": "Mail",
                            "Data": {
                                "MailReceived": "EastScarp.SpecialOrders.LadyShebaMail",
                                "NoLetter": "false"
                            }
                        }
                    ]
                },
                "EastScarp.SpecialOrders.AideenFlowers": {
                    "Name": "[EastScarp.SpecialOrders.AideenFlowers_Name]",
                    "Requester": null,
                    "Duration": "TwoWeeks",
                    "Repeatable": "true",
                    "RequiredTags": "season_spring",
                    "OrderType": "",
                    "SpecialRule": "",
                    "Text": "[EastScarp.SpecialOrders.AideenFlowers_Text]",
                    "ItemToRemoveOnEnd": null,
                    "MailToRemoveOnEnd": null,
                    "RandomizedElements": null,
                    "Objectives": [
                        {
                            "Type": "Collect",
                            "Text": "[AideenFlowers_Objective_1_Text]",
                            "RequiredCount": "30",
                            "Data": {
                                "AcceptedContextTags": "item_Daffodil"
                            }
                        },
                        {
                            "Type": "Donate",
                            "Text": "[EastScarp.SpecialOrders.LadySheba_Objective_1_Text]",
                            "RequiredCount": "30",
                            "Data": {
                                "DropBox": "AideenVase",
                                "DropBoxGameLocation": "Custom_ESHouse1",
                                "DropBoxIndicatorLocation": "23 18",
                                "MinimumCapacity": "9",
                                "AcceptedContextTags": "item_Daffodil"
                            }
                        }
                    ],
                    "Rewards": [
                        {
                            "Type": "Money",
                            "Data": {
                                "Amount": "2000"
                            }
                        },
                        {
                            "Type": "Mail",
                            "Data": {
                                "MailReceived": "EastScarp.SpecialOrders.AideenFlowersMail",
                                "NoLetter": "false"
                            }
                        }
                    ]
                }
            }
        },
        {
            "Action": "EditData",
            "Target": "Strings/SpecialOrderStrings",
            "Entries": {
                //Catch Fish for the Cat
                "EastScarp.SpecialOrders.LadySheba_Name": "Feeding the Cat",
                "EastScarp.SpecialOrders.LadySheba_Text": "There's a stray cat on East Scarp beach and she's hungry! Can someone give her some fish please. < Jas",
                "EastScarp.SpecialOrders.LadySheba_Objective_0_Text": "Catch 5 fish",
                "EastScarp.SpecialOrders.LadySheba_Objective_1_Text": "Place 5 fish in the crate by Scarp Beach",
                //Daffodils Order
                "EastScarp.SpecialOrders.AideenFlowers_Name": "Flowers for Aideen",
                "EastScarp.SpecialOrders.AideenFlowers_Text": "Spring is here, and I am in dire need of daffodils! If someone could deliver thirty fresh-picked flowers, they would have my eternal gratitude.     - Aideen  ",
                "EastScarp.SpecialOrders.AideenFlowers_Objective_0_Text": "Collect 30 Daffodils",
                "EastScarp.SpecialOrders.AideenFlowers_Objective_1_Text": "Deliver 30 Daffodils to the Vase in Aideen's Kitchen",
                //Slay Crabs
                "EastScarp.SpecialOrders.SlayCrabs_Name": "Reducing the Crab Menace",
                "EastScarp.SpecialOrders.SlayCrabs_Text": "Aggressive crabs have surfaced across East Scarp, threatening pets and wildlife. Please help us reduce this menace, and make East Scarp safe again.^   -Dr. Jacob (DVM)",
                "EastScarp.SpecialOrders.SlayCrabs_Objective_0_Text": "Slay 50 crabs",
                //Josephine's Jelly Order
                "EastScarp.SpecialOrders.JosephineJelly_Name":"Organic Homegrown Jelly for Josephine",
                "EastScarp.SpecialOrders.JosephineJelly_Text":"I've been telling my friends back in Zuzu about the delicious local preserves, and now everyone wants some!^I will pay generously for a dozen jars of jelly made from locally grown fruit   - Josephine.",
                "EastScarp.SpecialOrders.JosephineJelly_Objective_0_Text": "Collect 12 fruit",
                "EastScarp.SpecialOrders.JosephineJelly_Objective_1_Text": "Preserve 12 Jellies",
                "EastScarp.SpecialOrders.JosephineJelly_Objective_2_Text": "Donate 12 jellies to the Inn fridge"
            }
        },
        {
            "Action": "EditData",
            "Target": "Data/Mail",
            "Entries": {
                "EastScarp.SpecialOrders.LadyShebaMail": "Thanks for feeding the cat! Maybe soon she'll be our friend.%item object 21 1 %%[#]Thanks for feeding the cat!",
                "EastScarp.SpecialOrders.AideenFlowersMail": "Dear @, ^I am most grateful for the daffodils. Please find enclosed a small gift that I hope shall prove useful^ Regards, Aideen.%item object 554 5%%[#]Flower Delivery Thank You",
                "EastScarp.SpecialOrdersSlayCrabsMail": "Thanks for your help, @. East Scarp feels a lot safer now. Please find enclosed some crab cakes.  - Dr. Jacob.%item object 732 5%%[#]Thanks for helping with the infestation.",
                "EastScarp.SpecialOrdersJosephineJellyMail": "Dear @, ^Your delicious jellies made such wonderful gifts, and received such praise!^Please enjoy the gift, and I hope it shall encourage you to make many more!   - Yours sincerely, Josephine% item bigobject 15%%[#]A letter of thanks from Josephine"
            }
        },
    ]
}