{
    "Josephine_Arrives": "Good day. @, isn't it?$1#$b#My son, Oliver, and I shall be staying in town for a little while.",
    "Mon": "Good day, @. Lovely weather, isn't it? Very temperate.",
    "Mon2": "Oh dear, my shoes are all muddy. Still, this is the countryside, isn't it. One cannot expect to stay pristine!",
    "Tue": "Oliver spends so much time on that computer... I do worry he isn't making friends.$2",
    "Tue4": "It can't be healthy staring at a screen all day. I do wish Oliver would get out a little more.",
    "Wed": "This fresh country air is something else, isn't it? Back in the city we had the most horrible smog.",
    "Wed4": "Your little Town is so quaint. I love the charm of these small country villages.#$b#You don't get this old-fashioned atmosphere in the city, with all its modern conveniences.",
    "Thu": "Oh, of course I miss my husband! But when you've been married as long as we have...#$b#Well, you'll see what I mean one day, dear.",
    "Thu4": "When Oliver was sick, my husband was my rock. Now... well, he's a very important man.$2",
    "Thu8": "It was my cooking that won me my husband, you know.#$b#They do say, the way to a man's heart is through his stomach.#$b#And for my dear Guvvie that's most certainly true.$1",
    "Fri": "Do you have children, @? They so quickly become the center of your world.#$b#Sometimes it's hard to remember my life before Oliver came along.",
    "Fri6": "Working with soil, nurturing plants into life... well, you must find it fulfilling, yes?",
    "Fri8": "There's nothing quite like standing on the stage, @, and feeling the eyes of everyone upon you.#$b#It's both nerve-wracking but so fulfilling, to capture the hearts of so many with your voice.#$b#Sometimes I miss that feeling.$s",
    "Sat": "I do enjoy a bit of beachcombing. I've found the most beautiful shells, and it helps take my mind off things.",
    "Sat6": "I was singing a little on the beach, and saw movement out of the corner of my eye.#$b#For a moment there, I could've sworn I saw some peering out of the water.$3#$b#It was probably just a trick of the light.",
    "Sat8":"Sometimes I worry about Guvvie's memory. He's just not not good with remembering names. And faces.#$b#Why, if it wasn't for his secretary, who knows what sort of faux paus he might perform!",
    "Sun": "Good day, @. I hope you and your family are in good health.",
    "Sun4": "You always look so busy!#$b#Perhaps you deserve a little 'me-time'? If you ever visit Zuzu, there's a spa I can recommend.",
    "Sun6":"Did I tell you about the time we entertained a Gotoran Princess and his wife for dinner? That was before the war, obviously.#$b#I cooked the wrong dish... bought the wrong wine. A complete and absolute disaster.$2#$b#No... of course I don't think that's what started the war! Don't be ridiculous.$a",
    "winter_Mon": "Chilly today, isn't it? I hope you're wrapped up well!#$b#Still, with the way you bustle around, I expect you'll be warmed up in no time!",
    "winter_Wed": "Snow never settles in the city, there's too much going on.#$b#Here, well it's so sleepy and peaceful. Rather makes you think of hibernating.",
    "winter_Fri": "As the local farmer, what do you do all winter, @?#$b#Me? Back in the city, there are always meetings to attend, exhibitions to visit; I've a rather active social circle.#$b#But the pace is much slower here, isn't it?$1",
    "SeedShop_Mon":"And all this produce is locally sourced! How absolutely delightful.#$b#You grew it? Oh, you must be proud!",
    "SeedShop_Wed":"I walked in earlier and caught the shopkeeper singing to himself.#$b#Oh, I wouldn't mention it, he looked a little sheepish.#$b#Although I might say, he's not a bad tenor, if a little rough around the edges.$1",
    "SeedShop_Fri": "Have you heard about the tradition about the gift of a bouquet? It's most wonderfully whimsical!$1#$b#I wonder if I could persuade my Guvvie to give me one."
}