{
    "Changes": [
     
        {
            "LogName": "Giving birth in game",
            "Action": "EditData",
            "Target": "strings/Events",
            "Entries": {
                "BirthMessage_PlayerMother": "{{i18n:jasper.birth2}}",
                }
           
        },
        {
            "LogName": "Farmhouse events",
            "Action": "EditData",
            "Target": "Data/Events/Farmhouse",
            "Entries": {
                "5599021/O Jasper/t 600 700/L": "none/16 16/farmer 12 14 3 Jasper 7 14 1/addConversationTopic FarmerPregnantJasper2 13/skippable/pause 500/move farmer -3 0 3/speak Jasper \"{{i18n:5599021.01}}\"/addObject 7 12 201 1/pause 1500/animate farmer false true 350 104 105/pause 500/jump Jasper 5/removeSprite 7 12/pause 500/textAboveHead Jasper \"{{i18n:5599021.02}}\"/pause 500/move Jasper 1 0 1/pause 500/stopAnimation farmer/showFrame 5/textAboveHead Jasper \"{{i18n:5599021.03}}\"/pause 1000/emote farmer 40/pause 1000/jump Jasper 5/speak Jasper \"{{i18n:5599021.04}}\"/pause 500/emote Jasper 20/pause 500/speak Jasper \"{{i18n:5599021.05}}\"/emote farmer 60/pause 1000/end dialogue Jasper \"{{i18n:5599021.06}}\""
                }
              
        }



    ]
}