{
    "Changes": [
{	"LogName": "Dialogue", 
	"Action": "EditData",	
	"Target": "Characters/Dialogue/MarriageDialogueJasper",
	"Entries": {
		"spouseRoom_Jasper": "These chilly mornings have awoken my inspiration! Today, paperwork. Tomorrow, the world!",
		"patio_Jasper": "There's a stillness to winter, as though Nature herself is pausing to draw breath.",
		"Indoor_Day_0": "Ah my love, it's too chilly to step outside. Want to join me in front of the fire?$1#$b#We could drink hot cocoa and huddle for warmth.$4",
		"Indoor_Day_2": "Good morning my love. I do not think I shall be up for much today, I'm afraid.$2#$b#The cold is none too kind to these aging bones.",
		"Indoor_Day_3": "Today feels like a day for contemplation and gratitude. I am grateful to have you in my life, @.",
		"Indoor_Day_4": "Please wrap up warm, my love. I would hate for you to catch a chill.$2",
		"Indoor_Night_0": "My love, you're freezing! Here, this'll warm you from the inside out.[236]$2#$b#Perhaps we could huddle beneath a blanket and read together?$3",
		"Indoor_Night_1": "Brrr... it's going to be a frosty one tonight!#$b#Here's something to warm you up.[226]",
		"Indoor_Night_2": "The way the ice draws patterns on the glass is really quite magical, don't you think?#$b#You can appreciate how legends of Jack Frost and Old Man Winter came about.$1",
		//"Indoor_Night_3": "",
		//"Indoor_Night_4": "",
		"Outdoor_1": "I found footprints in the snow around the barn.#$b#I feel, perhaps, we have had a visitor.#$b#Goblin or Dwarf? I could not say.$3",
		"Outdoor_0": "I must confess, my love, it is rather satisfactory the way the snow crunches beneath one's feet.",
		"Outdoor_2": "I wonder where junimo go in winter? Do they hibernate? Or seek warmer habitations?#$b#Perhaps that's why they claim buildings we've forgotten.",
		//"Outdoor_3": "",
		//"Outdoor_4": "",
		//"funLeave_Jasper": "",
		//"funReturn_Jasper": "",
		"TwoKids_0": "Is this snow in my hair? I suppose it is. %kid1 and %kid2 engaged in a rather instense snowball fight.#$b#Alas, I appear to have become caught in the crossfire.$1#$b#Perhaps tomorrow you might like to join us?$3",
		"TwoKids_1": "Apologies for all the glitter. Today was art and crafts day and well... it really does get everywhere, doesn't it?$1",
	   	"TwoKids_2": "%kid1 spent the day trying to catch snowflakes on their tongue.#$b#Whereas %kid2 merely tried to eat snow.$2#$b#Ah, children are such a delight!$1",
		"TwoKids_3": "We've been making snowflakes! Oh, out of paper my love. And do not fret, I'll clean up the mess!$1"
				}
			}
	]
}



















