{
    "Changes": [
        {
            "Action": "EditData",
            "Target": "Characters/schedules/Jasper",
            "Entries": {
                "marriage_Wed": "MAIL Jasper_Penny/GOTO marriage_Wed_NoTute/730 CommunityCenter 12 12 3 \"Strings\\schedules\\Jasper:marriage_kisch2\"/1020 CommunityCenter 15 19 2 \"Strings\\schedules\\Jasper:Wednesday_{{Random:Sch1, Sch2, Sch3}}\"/1400 Forest 75 50 2 \"Strings\\schedules\\Jasper:marriage_{{Random:For1, For2, For3}}\"/1930 BusStop -1 23 3",
                "marriage_Wed_NoTute": "730 BusStop 3 22 1/840 CommunityCenter 12 12 3 \"Strings\\schedules\\Jasper:marriage_kisch1\"/1030 ArchaeologyHouse 4 10 0 \"Strings\\schedules\\Jasper:marriage_AH2\"/1550 Town 83 97 3/1620 Town 87 103 2/2000 BusStop -1 23 3",
                "marriage_Fri": "MAIL Dwarf_Friend/GOTO marriage_Fri_NoDwarf/730 BusStop 33 22 3/820 Town 50 32 1 \"Strings\\schedules\\Jasper:marriage_kisch1\"/1040 Mountain 45 8 1/1300 Mine 42 7 1 \"Strings\\schedules\\Jasper:marriage_Dw1\"/1600 SamHouse 5 6 3/2000 BusStop -1 23 3",
                "marriage_Fri_NoDwarf": "730 BusStop 33 22 3/920 Town 50 32 1 \"Strings\\schedules\\Jasper:marriage_kisch1\"/1000 Mountain 45 8 1/1300 AdventureGuild 7 12 3 \"Strings\\schedules\\Jasper:marriage_Adv1\"/1600 SamHouse 4 5 3/2000 BusStop -1 23 3",
                "marriage_spring_12":"730 BusStop 33 22 3/820 Town 50 32 1 \"Strings\\schedules\\Jasper:marriage_eggpaint1\"/1030 CommunityCenter 16 22 0 \"Strings\\schedules\\Jasper:marriage_eggpaint2\"/1400 Town 26 14 2/1750 BusStop -1 23 3",
                
            }
        },
        {
            "LogName": "FirstChild schedules",
            "Action": "EditData",
            "Target": "Characters/schedules/{{Loe2run.ChildToNPC/FirstChildName}}",
            "Entries": {
                //"Tue": "730 CommunityCenter 11 12 1/1100 CommunityCenter 14 21 0 child_sit \"Strings\\schedules\\Jasper:kid1_school2\"/1400 Town 83 98 3/1620 Town 17 90 3/1740 SamHouse 3 5 2/2000 SamHouse 9 22 1",
                "Wed": "MAIL Jasper_Penny/GOTO Wed_NoTute/730 CommunityCenter 11 12 1 \"Strings\\schedules\\Jasper:kid2_school_wednesday\"/1100 CommunityCenter 14 21 0 child_sit/1400 Forest 74 50 2/1930 BusStop -1 23 3",
                "Wed_NoTute": "730 CommunityCenter 11 12 1 \"Strings\\schedules\\Jasper:kid1_school1\"/1020 CommunityCenter 14 21 0 child_sit/1400 Town 83 98 3/1620 Town 88 103 2/1830 BusStop -1 23 3",
                "Fri": "730 Town 51 32 3 \"Strings\\schedules\\Jasper:kid1_school1\"/1030 CommunityCenter 14 21 0 child_sit \"Strings\\schedules\\Jasper:kid1_school_friday\"/1400 Town 26 17 1 square_3_3/1620 Town 15 88 2/1750 SamHouse 3 5 2/2000 BusStop -1 23 3",
                "spring_12":"730 Town 51 32 3 \"Strings\\schedules\\Jasper:kid1_eggpaint1\"/1030 CommunityCenter 15 22 0 \"Strings\\schedules\\Jasper:kid1_eggpaint2\"/1400 Town 26 17 1 square_3_3/1620 Town 15 88 2/1750 BusStop -1 23 3",
               // "{{season}}_11":"710 CommunityCenter 8 6 2 square_3_3 \"Strings\\schedules\\Jasper:CookingClass_{{Random:CC1,CC2,CC3 |key=CookingClass}}\"/1200 SeedShop 12 20 square_5_1_2/1300 CommunityCenter 6 5 square_3_1_0 \"Strings\\schedules\\Jasper:CookingClass_Marriage\"/1900 BusStop -1 23 3"
            }
        },
        {
            "LogName": "SecondChild schedules",
            "Action": "EditData",
            "Target": "Characters/schedules/{{Loe2run.ChildToNPC/SecondChildName}}",
            "Entries": {
               // "Tue": "730 CommunityCenter 12 12 3/1100 CommunityCenter 18 21 0 child_sit_R \"Strings\\schedules\\Jasper:kid2_school2\"/1400 Town 84 98 3/1620 Town 18 90 3/1740 SamHouse 3 5 2/2000 SamHouse 9 22 1",
                "Wed": "MAIL Jasper_Penny/GOTO Wed_NoTute/730 CommunityCenter 12 13 0 \"Strings\\schedules\\Jasper:kid2_school_wednesday\"/1100 CommunityCenter 18 21 0 child_sit_R/1400 Forest 75 50 2/1930 BusStop -1 23 3",
                "Wed_NoTute": "730 CommunityCenter 11 12 1 \"Strings\\schedules\\Jasper:kid1_school1\"/1020 CommunityCenter 18 21 0 child_sit_R/1400 Town 84 98 3/1620 Town 89 103 2/1740 SamHouse 3 5 2/2000 SamHouse 9 22 1",
                "Fri": "730 Town 50 33 0 \"Strings\\schedules\\Jasper:kid2_school1\"/1030 CommunityCenter 18 21 0 child_sit_R \"Strings\\schedules\\Jasper:kid2_school_friday\"/1400 Town 28 17 3 square_3_3/1620 Town 16 88 2/1750 SamHouse 4 5 2/2000 BusStop -1 23 3",
                "spring_12": "730 Town 50 33 0 \"Strings\\schedules\\Jasper:kid2_eggpaint1\"/1030 CommunityCenter 17 22 0 \"Strings\\schedules\\Jasper:kid2_eggpaint2\"/1400 Town 28 17 3 square_3_3/1620 Town 16 88 2/1750 BusStop -1 23 3",
               // "{{season}}_11":"710 CommunityCenter 8 6 2 square_3_3 \"Strings\\schedules\\Jasper:CookingClass_{{Random:CC1,CC2,CC3 |key=CookingClass}}\"/1200 SeedShop 12 20 square_5_1_2/1300 CommunityCenter 6 5 square_3_1_0 \"Strings\\schedules\\Jasper:CookingClass_Marriage\"/1900 BusStop -1 23 3"
            }
        }
    ]
}