{
    "Changes": [
        {
            "LogName": "Dialogue",
            "Action": "EditData",
            "Target": "Characters/Dialogue/MarriageDialogueJasper",
            "When": {
                "Season": "spring"
            },
            "Entries": {
                "Rainy_Day_3": "I took the children out to pick flowers yesterday. They wanted you to have this one.[18]$4#$b#Sorry it's a bit crushed.",
                "Rainy_Day_4": "{{kidName1}} is such a delight. I can't help but feel we're inventing our own secret language.",
                "Rainy_Night_0": "The children have been restless all day...I am quite tuckered out!$2#$b#Perhaps you could tell them a bedtime story?",
                "Rainy_Night_1": "Oh dear... {{kidName2}} decided to stomp in puddles today. And I've spend much of the evening cleaning mud off the floor.#$b#Oh, {{kidName1}} tried to help - but {{kid1_he_she}} somehow made it worse...$1", 
                "Indoor_Day_0": "There were ducklings on the pond this morning. I should take {{kidName1}} and {{kidName2}} down to feed them.#$b#Oh, not bread of course! I'm sure we can find some healthy bird snackfood!$1",
                "Indoor_Day_1": "We're making daisy chains today, apparently.#$b#{{kidName1}} insisted!$3",
                "Indoor_Night_3": "The kids and I had some fun in the garden today. I feel {{kidName1}} might aspire to become an archeologist!#$b#{{kidName2}}, however, spent most of the day climbing trees.#$b#Maybe {{kid2_he_she}} will become an arborist!$1",
                "Indoor_Night_4": "{{kidName1}} and {{kidName2}} got into quite an argument today.$2#$b#I had them sit down and sort it out. Which they did. Eventually.#$b#Although I believe {{kidName2}} would've preferred a duel.",
                "OneKid_0": "I took {{kidName1}} out to pick flowers yesterday. They wanted you to have this one.[18]$4#$b#Sorry it's a bit crushed.",
                "OneKid_1": "There were ducklings on the pond this morning. I should take {{kidName1}} down to feed them.#$b#Oh, not bread of course! I'm sure we can find some healthy bird snackfood!$1",
                "OneKid_2": "What a glorious day! Perhaps I shall take little {{kidName1}} out for a walk.#$b#An appreciation of the outdoors is very important.",
                "OneKid_3": "Little {{kidName1}} is such a delight. I can't help but feel we're inventing our own secret language.",
                "TwoKids_1": "The kids and I had some fun in the garden today. I feel {{kidName1}} might aspire to become an archeologist!#$b#{{kidName2}}, however, was more interested in chasing frogs.$3",
                "TwoKids_2": "{{kidName2}} asked me today if I could take {{kid2_him_her}} into the mines with me.$2#$b#I'm worried {{kid2_his_her}} adventurous spirit might lead into trouble...$2",
                "TwoKids_3": "The kids and I have been playing 'school'. I believe {{kidName1}} is beginning to grasp the priciples of anthropology.$1",
            }
        },
        {
            "LogName": "Dialogue",
            "Action": "EditData",
            "Target": "Characters/Dialogue/MarriageDialogueJasper",
            "When": {
                "Season": "summer"
            },
            "Entries": {
                "Rainy_Day_0": "kid related dialogue",
                "Rainy_Day_1": "kid related dialogue",
                "Rainy_Night_2": "kid related dialogue",
                "Rainy_Night_3": "kid related dialogue", 
                "Indoor_Day_3": "kid related dialogue",
                "Indoor_Day_4": "kid related dialogue",
                "Indoor_Night_0": "kid related dialogue",
                "Indoor_Night_2": "kid related dialogue",
                //
                "OneKid_0": "Little {{kidName1}} really seems to enjoy my stories. It's lovely to have such a captivating audience.$4",
                "OneKid_1": "I have been writing some stories for {{kidName1}}. Maybe one day I shall have them put to print.",
                "OneKid_2": "Good morning, my love. I've fed {{kidName1}} their breakfast...#$b#And cleaned up the floor as well. It seems {{kidName1}} is not too fond of pureed corn.$2",
                "OneKid_3": "I wonder if {{kidName1}} would like a sibling some day.#$b#When I was growing up, I would've loved a little brother or sister.$3#$b#Sorry my love, I'm not meaning to pressure you!$4",
                "TwoKids_0": "Maybe we could take the kids to the beach? Perhaps it's time to teach {{kidName1}} the fine art of sand castle construction.",
                "TwoKids_1": "Giving {{kidName1}} an ice cream was probably not the best idea...#$b#But don't worry, I cleaned all the walls!$3#$b#{{kidName1}}'s quite the artist.",
                "TwoKids_2": "The children play so nicely together. I hope they always remain good friends.$4",
                "TwoKids_3": "The children drew you some pictures, @. {{kidName2}} is experimenting with color.$1#$b#{{kidName1}} drew you a chicken. Or possibly a crocodile. It's, err, rather stylised.$1"
            }
        },
        {
            "LogName": "Dialogue",
            "Action": "EditData",
            "Target": "Characters/Dialogue/MarriageDialogueJasper",
            "When": {
                "Season": "fall"
            },
            "Entries": {
                "Rainy_Day_1": "kid related dialogue",
                "Rainy_Day_2": "kid related dialogue",
                "Rainy_Night_3": "kid related dialogue",
                "Rainy_Night_4": "kid related dialogue", 
                "Indoor_Day_2": "kid related dialogue",
                "Indoor_Day_3": "kid related dialogue",
                "Indoor_Night_1": "kid related dialogue",
                "Indoor_Night_3": "kid related dialogue",
                //
                "OneKid_0": "{{kidName1}} loves to play in the fallen leaves.#$b#I must confess, I am rather enjoying it myself.$4#$b#I feel young again, @. Reborn.$4",
                "OneKid_1": "Why yes... there is mashed pumpkin in my hair.$2#$b#I offered {{kidName1}} some, pureed, for breakfast. They were not appreciative.",
                "OneKid_2": "{{kidName1}} and I have been skipping stones on the pond. My record is 5 hops.$1#$b#{{kidName1}}'s is one plop, but it's early days yet.$3",
                "OneKid_3": "I gave {{kidName1}} one of my crystals today - it is never too early to encourage a love of geology.#$b#Alas, {{kidName1}} did not seem very impressed.",
                "TwoKids_0": "{{kidName1}} found a worm in the leaves today and told {{kidName2}} it was 'piz-getti'.$2#$b#Do not fret, it was confiscated and safely liberated. No worms - or small children! - harmed.$3",
                "TwoKids_1": "The kids and I have taken to painting rocks and hiding them around the village.#$b#Small steps, yes, but I shall make a geologist of at least one of them yet!",
                "TwoKids_2": "So much of my life I dedicated to research, but when I look at our beautiful family...#$b#I'm so glad you guided me down another path, @.",
                "TwoKids_3": ""
            }
        },
        {
            "LogName": "Dialogue",
            "Action": "EditData",
            "Target": "Characters/Dialogue/MarriageDialogueJasper",
            "When": {
                "Season": "winter"
            },
            "Entries": {
                "Indoor_Day_0": "Good morning, beloved. The children and I am sorted for a splendid day of indoor adventures!#$b#For them, hot chocolate, but I believe you would prefer this? [253]",
                "Indoor_Day_Jasper": "Beloved, today {{kidName1}} and {{kidName2}} will be discovering the joys of science!$1#$b#Do not fret, we shall also practise the fine skill of tidying up after ourselves!",
                "Indoor_Night_Jasper": "{{kidName2}} wrote you a story today. It portrays you as quite the hero!#$b#You're my hero too, beloved.$4",
                "Indoor_Night_4": "It's an early night for me, I would say. I'm exhausted!$2#$b#The children have given me quite the run around. Oh, but how I love them for it, do not fear!$1",
                //
                "OneKid_0": "Ah, my love! I don't suppose you have a hat we can borrow?#$b#Today, {{kidName1}} and I are building a snowman!$1",
                "OneKid_1": "If you are wondering about the strange craters in the snow, {{kidName1}} and I have been making snow angels.$1",
                "OneKid_2": "{{kidName1}} and I have been enjoying fairy tales. I feel The Snow Queen is a fitting one for weather such as this.",
                "OneKid_3": "Good morning my love! I've fed {{kidName1}} a nourishing, warm breakfast, and we are ready for a day of indoor adventures!$1#$b#It's blanket fort weather, don't you think?",
                "TwoKids_0": "Is this snow in my hair? I suppose it is. {{kidName1}} and {{kidName2}} engaged in a rather instense snowball fight.#$b#Alas, I appear to have become caught in the crossfire.$1#$b#Perhaps tomorrow you might like to join us?$3",
                "TwoKids_1": "Apologies for all the glitter. Today was art and crafts day and well... it really does get everywhere, doesn't it?$1",
                "TwoKids_2": "{{kidName1}} spent the day trying to catch snowflakes on their tongue.#$b#Whereas {{kidName2}} merely tried to eat snow.$2#$b#Ah, children are such a delight!$1",
                "TwoKids_3": "We've been making snowflakes! Oh, out of paper my love. And do not fret, I'll clean up the mess!$1"
            }
        }

    ]
}