{
    "Changes": [ /*****************
        Second Child
        ******************/
        {
            "LogName": "SecondChild Dispositions",
            "Action": "EditData",
            "Target": "Data/NPCDispositions",
            "Entries": {
                "{{Loe2run.ChildToNPC/SecondChildName}}": "child/neutral/outgoing/neutral/{{Loe2run.ChildToNPC/SecondChildGender}}/non-datable/null/Town/{{Loe2run.ChildToNPC/SecondChildBirthday}}/Jas 'friend' Vincent 'friend' Jasper 'Dada' {{Loe2run.ChildToNPC/FirstChildName}} '{{Kid1_brother_sister}}'/{{Loe2run.ChildToNPC/SecondChildBed}}/{{Loe2run.ChildToNPC/SecondChildName}}"
            },
            "When": {
                "Spouse": "Jasper"
            }
        },
        {
            "LogName": "SecondChild Gift Tastes",
            "Action": "EditData",
            "Target": "Data/NPCGiftTastes",
            "Entries": {
                "{{Loe2run.ChildToNPC/SecondChildName}}": "{{i18n:gift.{{parent}}.{{kid1_trait}}.love}}/223 392 393 402 825 827 828 903/{{i18n:gift.{{parent}}.{{kid1_trait}}.like}}/203 224 213 232 234 221 220 -80 -79 392 119 124 188 192/{{i18n:gift.{{parent}}.{{kid1_trait}}.dislike}}/-8 -4 -22 -28 -19 209 -75 -81 200 800/{{i18n:gift.{{parent}}.{{kid1_trait}}.hate}}/342 397 226 205 346 348 303 304 445 459 257 202 265/{{i18n:gift.{{parent}}.{{kid1_trait}}.neutral}}/408 18 22 283 -5 -2/"
            },
            "When": {
                "Spouse": "Jasper",
                "Loe2run.ChildToNPC/NumberTotalChildren": "1, 2, 3, 4"
            }
        },
        { //Loads generic Dialogue if Babysitter Not Installed
            "LogName": "SecondChild Dialogue",
            "Action": "Load",
            "Target": "Characters/Dialogue/{{Loe2run.ChildToNPC/SecondChildName}}",
            "FromFile": "assets/Dialogue.json",
            "When": {
                "HasMod |contains=rowanexer.Babysitter, xiddav.NPCSVEKIDSNPC": false,
                "loadData": true,
                "Spouse": "Jasper"
            }
        },
        { //Adds Jasper specific dialogue (currently just the generic again but at a higher heart level)
            "LogName": "SecondChild Dialogue",
            "Action": "Include",
            "FromFile": "assets/{{parent}}/Dialogue/Kid2.json",
        },
        {
            "LogName": "SecondChild sprites",
            "Action": "Load",
            "Target": "Characters/{{Loe2run.ChildToNPC/SecondChildName}}",
            "FromFile": "assets/{{parent}}/Characters/{{Loe2run.ChildToNPC/SecondChildGender}}_nightwear.png",
            "When": {
                "CustomSprites": true,
                "HasMod |contains=rowanexer.Babysitter, xiddav.NPCSVEKIDSNPC": false,
                "Spouse": "Jasper"
            }
        },
        {
            "LogName": "SecondChild portraits",
            "Action": "Load",
            "Target": "Portraits/{{Loe2run.ChildToNPC/SecondChildName}}",
            "FromFile": "assets/{{parent}}/Portraits/{{Loe2run.ChildToNPC/SecondChildGender}}_nightwear.png",
            "When": {
                "CustomSprites": true,
                "HasMod |contains=rowanexer.Babysitter, xiddav.NPCSVEKIDSNPC": false,
                "Spouse": "Jasper"
            }
        },
        {
            "LogName": "SecondChild sprites",
            "Action": "EditImage",
            "Target": "Characters/{{Loe2run.ChildToNPC/SecondChildName}}",
            "FromFile": "assets/{{parent}}/Characters/{{Loe2run.ChildToNPC/SecondChildGender}}_nightwear.png",
            "When": {
                "CustomSprites": true,
                "Spouse": "Jasper"
            }
        },
        {
            "LogName": "SecondChild portraits",
            "Action": "EditImage",
            "Target": "Portraits/{{Loe2run.ChildToNPC/SecondChildName}}",
            "FromFile": "assets/{{parent}}/Portraits/{{Loe2run.ChildToNPC/SecondChildGender}}_nightwear.png",
            "When": {
                "CustomSprites": true,
                "Spouse": "Jasper"
            }
        },
        {
            "LogName": "SecondChild sprites",
            "Action": "EditImage",
            "Target": "Characters/{{Loe2run.ChildToNPC/SecondChildName}}",
            "FromFile": "assets/{{parent}}/Characters/{{Loe2run.ChildToNPC/SecondChildGender}}_{{season}}.png",
            "Update": "OnLocationChange",
            "When": {
                "CustomSprites": true,
                "LocationName |contains=Farmhouse": false,
                "Spouse": "Jasper"
            }
        },
        {
            "LogName": "SecondChild portraits",
            "Action": "EditImage",
            "Target": "Portraits/{{Loe2run.ChildToNPC/SecondChildName}}",
            "FromFile": "assets/{{parent}}/Portraits/{{Loe2run.ChildToNPC/SecondChildGender}}_{{season}}.png",
            "Update": "OnLocationChange",
            "When": {
                "CustomSprites": true,
                "LocationName |contains=Farmhouse": false,
                "Spouse": "Jasper"
            }
        },
        { //write generic schedule at some point
            "LogName": "SecondChild schedules",
            "Action": "Load",
            "Target": "Characters/schedules/{{Loe2run.ChildToNPC/SecondChildName}}",
            "FromFile": "assets/schedule.json",
            "When": {
                "HasMod |contains=rowanexer.Babysitter, xiddav.NPCSVEKIDSNPC": false,
                "loadData": true,
                "Spouse": "Jasper"
            }
        },
        {
            "LogName": "SecondChild schedules",
            "Action": "Include",
            "FromFile": "assets/{{parent}}/Characters/schedules/kid1.json",
            "When": {
                "Spouse": "Jasper"
            }
        },
        {
            "LogName": "Child Animations",
            "Action": "EditData",
            "Target": "Data/animationdescriptions",
            "Entries": {
                "child_sit_L": "20 21/22/21 20",
                "child_sit_R": "27 26/25/26 27"
            }
        },
    ]
}