{
    "Changes": [
        {
            "Action": "EditMap",
            "Target": "Maps/LodgingHouse",
            "AddWarps": [
                "13 20 Custom_ESClearingHouse 25 7"
            ]
        },

     
   {
      "LogName": "2 Heart Event",
      "Action": "EditData",
      "Target": "Data/Events/Custom_ESClearingHouse",
      "Entries": {
        "6398001/f Jessie 500/p Jessie/z winter": "spring2/22 13/farmer 25 18 0 Jessie 20 12 3/skippable/pause 500/emote Jessie 56/message \"Someone is singing.\"/pause 1000/move farmer 0 -6 3/pause 500/faceDirection Jessie 1/emote Jessie 32/pause 500/speak Jessie \"Hello @! A lovely day, isn't it!\"/move farmer -3 0 3/pause 500/emote farmer 32/pause 500/speak Jessie \"I hear you've made quite an impression around here.\"/pause 500/emote farmer 60/pause 500/speak Jessie \"I've got a little gift for you.\"/emote farmer 8/move Jessie 1 0 1/pause 500/speak Jessie \"Give me your hand, @. [{{JessGift}}]\"/playSound give_gift/speak Jessie \"#$b#Here, something to help nurture a friendship.$1\"/pause 500/emote farmer 20/pause 1000/end"
      }
    },
        {
            "LogName": "Schedule",
            "Action": "EditData",
            "Target": "Characters/schedules/Jessie",
            "When": {
                "HasSeenEvent |contains=191393": true
            },
            "Entries": {
                "rain": "MAIL beachBridgeFixed/GOTO rain_noBridge/630 LodgingHouse 17 14 0/700 LodgingHouse 20 14 2/1100 LodgingHouse 8 14 2/1300 Beach 83 40 2/1800 LodgingHouse 18 14 2/2300 LodgingHouse 20 4 1",
                "rain_noBridge": "630 LodgingHouse 17 14 0/700 LodgingHouse 20 14 2/1100 LodgingHouse 8 14 2/1300 Beach 42 36 2/1800 LodgingHouse 18 14 2/2300 LodgingHouse 20 4 1",
                "spring_15": "610 LodgingHouse 18 14 2/650 Town 95 51 0/830 JojaMart 9 25 1 Jessie_work/1700 Town 46 32 2/2100 LodgingHouse 20 4 1",
                "spring": "610 LodgingHouse 18 14 2/900 Custom_ESClearingHouse 16 9 3 Jessie_waterL/1100 Custom_ESClearingHouse 20 12 2/1300 Custom_ESClearingHouse 33 10 1 Jessie_waterR/1600 Town 95 51 0/1700 JojaMart 9 25 1 Jessie_work/2300 Town 29 13/2500 LodgingHouse 20 4 1",
                "Tue": "610 LodgingHouse 18 14 2/1000 SeedShop 15 23 0/1230 SeedShop 21 20 0 Jessie_exercise/1600 Town 95 51 0/1700 JojaMart 9 25 1 Jessie_work/2300 LodgingHouse 20 4 1",
                "Sat": "610 LodgingHouse 18 14 2/730 Town 95 51 0/830 JojaMart 9 25 1 Jessie_work/2300 LodgingHouse 20 4 1",
                "Sun": "610 LodgingHouse 18 14 2/730 Town 95 51 0/830 JojaMart 9 25 1 Jessie_work/1700 Town 46 32 2/2100 LodgingHouse 20 4 1",
                "summer": "GOTO spring",
                "fall": "GOTO spring",
                "winter": "GOTO spring",
                "JojaMart_Replacement": "LodgingHouse 7 14 0"
            }
        },
        {
            "LogName": "Schedule",
            "Action": "EditData",
            "Target": "Characters/schedules/Jessie",
            "When": {
                "HasSeenEvent |contains=191393": true
            },
            "Entries": { //Jessie Joja Closed
                "rain": "MAIL beachBridgeFixed/GOTO rain_noBridge/630 LodgingHouse 17 14 0/700 LodgingHouse 20 14 2/1100 LodgingHouse 8 14 2/1300 Beach 83 40 2/1800 LodgingHouse 18 14 2/2300 LodgingHouse 20 4 1",
                "rain_noBridge": "630 LodgingHouse 17 14 0/700 LodgingHouse 20 14 2/1100 LodgingHouse 8 14 2/1300 Beach 42 36 2/1800 LodgingHouse 18 14 2/2300 LodgingHouse 20 4 1",
                "spring": "610 LodgingHouse 18 14 2/900 Custom_ESClearingHouse 16 9 3 Jessie_waterL/1100 Custom_ESClearingHouse 20 12 2/1300 Custom_ESClearingHouse 33 10 1 Jessie_waterR/1700 LodgingHouse 17 14 2/2000 LodgingHouse 20 4 1",
                "summer_Mon": "MAIL Jessie_Vincent/GOTO spring/610 LodgingHouse 18 14 2/900 Custom_ESClearingHouse 16 9 3 Jessie_waterL/1100 Custom_ESClearingHouse 20 12 2/1300 Custom_ESClearingHouse 33 10 1 Jessie_waterR/1500 Beach 42 24 2/1900 LodgingHouse 17 14 2/2200 LodgingHouse 20 4 1",
                "spring_Tue": "610 LodgingHouse 18 14 2/1000 SeedShop 15 23 0/1230 Mountain 29 8 2/1900 LodgingHouse 7 14 0/2200 LodgingHouse 20 4 1",
                "spring_Thu": "GOTO spring_Tue",
                "summer": "610 LodgingHouse 18 14 2/900 Custom_ESClearingHouse 16 9 3 Jessie_waterL/1100 Custom_ESClearingHouse 20 12 2/1230 Mountain 60 37 1/1600 Mountain 29 10 0/2000 LodgingHouse 20 4 1",
                "fall": "610 LodgingHouse 18 14 2/900 Custom_ESClearingHouse 16 9 3 Jessie_waterL/1100 Custom_ESClearingHouse 20 12 2/1230 Forest 53 28 square_5_5/1600 Forest 23 24 1/1900 LodgingHouse 20 4 1 ",
                //"Fri": "610 LodgingHouse 18 14 2/900 Town 28 22 2/1100 Custom_ESClearingHouse 16 9 3/1900 LodgingHouse 20 4 1",   
                "Sat": "610 LodgingHouse 18 14 2/900 Custom_ESClearingHouse 16 9 3 Jessie_waterL/1100 Custom_ESClearingHouse 20 12 2/1300 Custom_ESClearingHouse 33 10 1 Jessie_waterR/1700 LodgingHouse 7 14 0/2000 LodgingHouse 20 4 1",
                "Sun": "610 LodgingHouse 18 14 2/900 Custom_ESClearingHouse 16 9 3 Jessie_waterL/1100 Custom_ESClearingHouse 20 12 2/1300 Custom_ESClearingHouse 33 10 1 Jessie_waterR/1700 LodgingHouse 7 14 0/2000 LodgingHouse 20 4 1",
                "winter": "GOTO spring",
                "JojaMart_Replacement": "LodgingHouse 7 14 0"
            }
        },
        {
            "LogName": "Schedule",
            "Action": "EditData",
            "Target": "Characters/schedules/Jessie",
            "Entries": {
                "summer": "610 LodgingHouse 18 14 2/900 Custom_ESClearingHouse 16 9 3 Jessie_waterL/1100 Custom_ESClearingHouse 33 10 1 Jessie_waterR/1230 Mountain 60 37 1/1600 Mountain 29 8 2/2000 LodgingHouse 20 4 1"
            },
            "When": {
                "HasSeenEvent |contains=191393": true,
                "HasMod |contains=FlashShifter.StardewValleyExpandedCP": false,
                "HasMod": "DSVTeam.DiverseSeasonalOutfits, DSVTeam.Marigold"
            }
        },
        // Juliet schedule .....................................................
        {
            "LogName": "Schedule",
            "Action": "EditData",
            "Target": "Characters/schedules/Juliet",
            "When": {
                "HasSeenEvent |contains=191393": false
            },
            "Entries": {
                "rain": "700 LodgingHouse 21 16 3/1100 LodgingHouse 9 17 0/1300 LodgingHouse 33 7 0 Juliet_drums/1500 Town 95 51 0/1700 JojaMart 9 25 1 Juliet_work/2300 LodgingHouse 27 6 2 Juliet_sleep",
                "spring": "620 LodgingHouse 21 16 3/800 Town 95 51 0/850 JojaMart 9 25 1 Juliet_work/1700 Custom_ESClearingHouse 29 9 2 Juliet_yoyo/2400 LodgingHouse 27 6 2 Juliet_sleep",
                "spring_17": "700 LodgingHouse 21 16 3/900 LodgingHouse 33 7 0 Juliet_drums/1100 Custom_ESClearingHouse 18 28 2/1300 Beach 44 35 2 \"Strings\\schedules\\Juliet:spring_17.000\"/1800 Saloon 42 20 3/2400 LodgingHouse 27 6 2 Juliet_sleep",
                "winter_17": "620 LodgingHouse 21 16 3/800 Town 95 51 0/850 JojaMart 9 25 1 Juliet_work/1700 Beach 29 36 2 \"Strings\\schedules\\Juliet:winter_17.000\"/2400 LodgingHouse 27 6 2 Juliet_sleep",
                "Wed": "620 LodgingHouse 21 16 3/800 Town 95 51 0/850 JojaMart 9 25 1 Juliet_work/1700 Custom_ESClearingHouse 29 9 2 Juliet_yoyo/2400 LodgingHouse 27 6 2 Juliet_sleep",
                "Sat": "700 LodgingHouse 21 16 3/900 LodgingHouse 33 7 0 Juliet_drums/1100 Custom_ESClearingHouse 18 28 2/1300 Beach 44 35 2/1800 Saloon 42 20 3/2400 LodgingHouse 27 6 2 Juliet_sleep",
                "Sun": "700 LodgingHouse 21 16 3/900 LodgingHouse 33 7 0 Juliet_drums/1100 SeedShop 38 22 0/1600 Town 95 51 0/1700 JojaMart 9 25 1 Juliet_work/2300 LodgingHouse 27 6 2 Juliet_sleep",
                "JojaMart_Replacement": "Custom_ESClearingHouse 29 9 2 Juliet_yoyo"
            }
        },
        {
            "LogName": "Schedule",
            "Action": "EditData",
            "Target": "Characters/schedules/Juliet",
            "When": {
                "HasSeenEvent |contains=191393": true,
                "HasFlag |contains=ccMovieTheater": false
            },
            "Entries": { //Juliet Joja Closed, Theater not open
                "rain": "700 LodgingHouse 21 16 3/1100 LodgingHouse 9 17 0/1300 LodgingHouse 33 7 0 Juliet_drums/1500 Town 95 51 0 \"Strings\\schedules\\Juliet:JojaClosed{{random:A,B,C}}\"/1700 CommunityCenter 23 17 0/2300 LodgingHouse 27 6 2 Juliet_sleep",
                "spring": "620 LodgingHouse 21 16 3/700 Town 72 100 2/930 CommunityCenter 14 5 0/1130 CommunityCenter 27 9 0/1430 CommunityCenter 23 19 3/1700 Custom_ESClearingHouse 29 9 2 Juliet_yoyo/2400 LodgingHouse 27 6 2 Juliet_sleep",
                "winter_17": "620 LodgingHouse 21 16 3/700 Town 95 51 0 \"Strings\\schedules\\Juliet:JojaClosed{{random:A,B,C}}\"/930 CommunityCenter 14 5 0/1130 CommunityCenter 18 19 0/1430 CommunityCenter 23 19 3/1700 Beach 29 36 2 \"Strings\\schedules\\Juliet:winter_17.100\"/2400 LodgingHouse 27 6 2 Juliet_sleep",
                "Wed": "620 LodgingHouse 21 16 3/700 Town 95 51 0 \"Strings\\schedules\\Juliet:JojaClosed{{random:A,B,C}}\"/930 CommunityCenter 14 5 0/1130 CommunityCenter 27 9 0/1430 CommunityCenter 23 19 3/1700 Custom_ESClearingHouse 29 9 2 Juliet_yoyo/2400 LodgingHouse 27 6 2 Juliet_sleep",
                "Sat": "700 LodgingHouse 21 16 3/900 LodgingHouse 33 7 0 Juliet_drums/1100 Custom_ESClearingHouse 18 28 2/1300 Beach 44 35 2/1800 Saloon 42 21 3/2400 LodgingHouse 27 6 2 Juliet_sleep",
                "Sun": "700 LodgingHouse 21 16 3/900 LodgingHouse 33 7 0 Juliet_drums/1100 SeedShop 38 22 0/1400 Town 95 51 0 \"Strings\\schedules\\Juliet:JojaClosed{{random:A,B,C}}\"/1700 Custom_ESClearingHouse 29 9 2 Juliet_yoyo/2300 LodgingHouse 27 6 2 Juliet_sleep",
                "JojaMart_Replacement": "Custom_ESClearingHouse 29 9 2 Juliet_yoyo",
                "Marriage_Mon": "700 Town 72 100 2/930 CommunityCenter 14 5 0/1130 CommunityCenter 18 19 0/1430 CommunityCenter 23 19 3/1700 LodgingHouse 17 17 0/2200 BusStop -1 23 3",
                "Marriage_Wed": "700 Town 72 100 2/930 CommunityCenter 14 5 0/1130 CommunityCenter 27 9 0/1430 CommunityCenter 23 19 3/1700 LodgingHouse 17 17 0/2200 BusStop -1 23 3",
                "Marriage_Sat": "700 Custom_ESClearingHouse 28 11 2/1310 Beach 44 35 2/1800 Saloon 42 21 3/2400 BusStop -1 23 3",
                "Marriage_Sun": "700 Custom_ESClearingHouse 28 11 2/1100 SeedShop 38 22 0/1700 LodgingHouse 17 17 0/2200 BusStop -1 23 3"
            }
        },
        {
            "LogName": "Schedule",
            "Action": "EditData",
            "Target": "Characters/schedules/Juliet",
            "When": {
                "HasSeenEvent |contains=191393": true,
                "HasFlag |contains=ccMovieTheater": true
            },
            "Entries": {
                "rain": "700 LodgingHouse 21 16 3/1100 LodgingHouse 9 17 0/1300 LodgingHouse 33 7 0 Juliet_drums/1500 Town 95 51 0/1800 LodgingHouse 17 17 0/2200 LodgingHouse 27 6 2 Juliet_sleep",
                "spring": "620 LodgingHouse 21 16 3/700 TheaterBreakroom 8 18 1/1200 TheaterBreakroom 8 7 2/1400 TheaterBreakroom 14 5 0/1700 Custom_ESClearingHouse 29 9 2 Juliet_yoyo/2400 LodgingHouse 27 6 2 Juliet_sleep",
                "winter_17": "620 LodgingHouse 21 16 3/700 Town 95 44 0/900 TheaterBreakroom 8 18 1/1200 TheaterBreakroom 8 7 2/1400 TheaterBreakroom 14 5 0/1700 Beach 29 36 2 \"Strings\\schedules\\Juliet:winter_17.200\"/2400 LodgingHouse 27 6 2 Juliet_sleep",
                "Wed": "620 LodgingHouse 21 16 3/700 TheaterBreakroom 8 18 1/1200 TheaterBreakroom 8 8 2/1400 TheaterBreakroom 14 5 0/1700 Custom_ESClearingHouse 29 9 2 Juliet_yoyo/2400 LodgingHouse 27 6 2 Juliet_sleep",
                "Fri": "700 LodgingHouse 21 16 3/900 LodgingHouse 33 7 0 Juliet_drums/1100 Custom_ESClearingHouse 29 9 2 Juliet_yoyo/1300 Beach 44 35 2/1800 Saloon 44 21 3/2400 LodgingHouse 27 6 2 Juliet_sleep",
                "Sat": "700 LodgingHouse 21 16 3/900 LodgingHouse 33 7 0 Juliet_drums/1100 Custom_ESClearingHouse 29 9 2 Juliet_yoyo/1300 Beach 44 35 2/1800 Saloon 42 21 3/2400 LodgingHouse 27 6 2 Juliet_sleep",
                "Sun": "700 LodgingHouse 21 16 3/900 LodgingHouse 33 7 0 Juliet_drums/1100 SeedShop 38 22 0/1400 Custom_ESClearingHouse 29 9 2 Juliet_yoyo/1700 LodgingHouse 27 6 2 Juliet_sleep",
                "JojaMart_Replacement": "Custom_ESClearingHouse 29 9 2 Juliet_yoyo",
                "Marriage_Mon": "700 Town 95 44 0/850 TheaterBreakroom 8 18 1/1200 TheaterBreakroom 8 7 2/1400 TheaterBreakroom 14 5 0/2100 BusStop -1 23 3",
                "Marriage_Wed": "700 Town 95 44 0/850 TheaterBreakroom 8 18 1/1200 TheaterBreakroom 8 7 2/1400 TheaterBreakroom 14 5 0/2100 BusStop -1 23 3",
                "Marriage_Sat": "700 Custom_ESClearingHouse 28 11 2/1310 Beach 44 35 2/1800 Saloon 42 21 3/2200 BusStop -1 23 3",
                "Marriage_Sun": "700 Custom_ESClearingHouse 28 11 2/1100 SeedShop 38 22 0/1400 Town 95 51 0/1700 LodgingHouse 17 17 0/2200 BusStop -1 23 3"
            }
        },
        {
            "LogName": "Schedule",
            "Action": "EditData",
            "Target": "Characters/schedules/Juliet",
            "Entries": {
                "Sat": "700 LodgingHouse 21 16 1/900 Custom_ESClearingHouse 18 28 2/1100 SamHouse 16 18 0 Juliet_drums/1500 Beach 44 35 2/1800 Saloon 42 20 3/2400 LodgingHouse 27 6 2 Juliet_sleep"
            },
            "When": {
                "HasDialogueAnswer": "8571103, 8571105"
            }
        },
        //Gremlin schedule .....................................................................
        {
            "LogName": "Schedule",
            "Action": "EditData",
            "Target": "Characters/schedules/Gremlin",
            "Entries": {
                "rain": "700 LodgingHouse 19 17 0 Gremlin_sit/1100 LodgingHouse 3 15 0 Gremlin_sleep/1300 Custom_ESClearingHouse 30 11 1 square_3_3/1600 LodgingHouse 19 17 0 Gremlin_sit/2300 LodgingHouse 29 7 2 Gremlin_sleep",
                "spring_17": "700 LodgingHouse 19 17 0 Gremlin_sit/900 Custom_ESClearingHouse 30 11 1 square_3_3/1310 Beach 43 35 2/1800 Saloon 42 22 3/2400 LodgingHouse 29 7 2 Gremlin_sleep",
                "spring": "620 LodgingHouse 19 17 0 Gremlin_sit/700 Town 81 50 0 square_4_4/1500 Town 90 52 2 Gremlin_sit/1700 Custom_ESClearingHouse 30 12 square_3_3/2400 LodgingHouse 29 7 2 Gremlin_sleep",
                "Fri": "700 LodgingHouse 19 17 0 Gremlin_sit/900 Custom_ESClearingHouse 30 11 1 square_3_3/1310 Beach 43 35 2/1800 Saloon 42 22 3/2400 LodgingHouse 29 7 2 Gremlin_sleep",
                "Sat": "700 LodgingHouse 19 17 0 Gremlin_sit/900 Custom_ESClearingHouse 30 11 1 square_3_3/1030 Custom_ESClearingHouse 23 12 2 Gremlin_sit/1100 Custom_EastScarpe 33 111 1/1400 Custom_EastScarpe 57 42 1 Gremlin_sit/1700 Saloon 41 22 1 Gremlin_sit/2400 LodgingHouse 27 6 2 Gremlin_sleep",
                "Sun": "700 LodgingHouse 19 17 0 Gremlin_sit/900 Custom_ESClearingHouse 30 11 1 square_3_3/1500 Town 81 50 0 square_4_4/2300 Town 34 11 0/2400 LodgingHouse 29 7 2 Gremlin_sleep"
            }
        },
        {
            "LogName": "Schedule",
            "Action": "EditData",
            "Target": "Characters/schedules/Gremlin",
            "When": {
                "HasSeenEvent |contains=191393": true,
                "HasFlag |contains=ccMovieTheater": false
            },
            "Entries": { //Gremlin Joja Closed
                "rain": "700 LodgingHouse 19 17 0 Gremlin_sit/1100 LodgingHouse 3 15 0 Gremlin_sleep/1300 Custom_ESClearingHouse 30 11 1 square_3_3/1600 LodgingHouse 19 17 0 Gremlin_sit/2300 LodgingHouse 29 7 2 Gremlin_sleep",
                "spring": "620 LodgingHouse 19 17 0 Gremlin_sit/700 Town 71 98 0 square_3_3/930 Town 53 25 2 square_5_5/1700 Custom_ESClearingHouse 30 12 square_3_3/2400 LodgingHouse 29 7 2 Gremlin_sleep",
                "Fri": "700 LodgingHouse 19 17 0 Gremlin_sit/900 Custom_ESClearingHouse 30 11 1 square_3_3/1310 Beach 43 35 2/1800 Saloon 42 22 3/2400 LodgingHouse 29 7 2 Gremlin_sleep",
                "Sat": "700 LodgingHouse 19 17 0 Gremlin_sit/900 Custom_ESClearingHouse 30 11 1 square_3_3/1030 Custom_ESClearingHouse 23 12 2 Gremlin_sit/1100 Custom_EastScarpe 33 111 1/1400 Custom_EastScarpe 57 40 2/1700 Saloon 41 22 1 Gremlin_sit/2400 LodgingHouse 27 6 2 Gremlin_sleep",
                "Sun": "700 LodgingHouse 19 17 0 Gremlin_sit/900 Custom_ESClearingHouse 30 11 1 square_3_3/1500 Town 53 25 0 square_4_4/2300 LodgingHouse 29 7 2 Gremlin_sleep"
            }
        },
        {
            "LogName": "Schedule",
            "Action": "EditData",
            "Target": "Characters/schedules/Gremlin",
            "When": {
                "HasSeenEvent |contains=191393": true,
                "HasFlag |contains=ccMovieTheater": true
            },
            "Entries": { //Gremlin JOja now a theater
                "Sun": "700 LodgingHouse 19 17 0 Gremlin_sit/900 Custom_ESClearingHouse 30 11 1 square_3_3/1100 Town 42 59 0 square_5_5/1400 Custom_ESClearingHouse 30 11 1 square_3_3/2300 LodgingHouse 29 7 2 Gremlin_sleep"
            }
        },
        // Juliet walks Gremlin around East Scarp ............................................................
        {
            "LogName": "Schedule - if East Scarpe installed",
            "Action": "EditData",
            "Target": "Characters/schedules/Juliet",
            "Entries": {
                "Sat": "700 LodgingHouse 21 16 3/900 LodgingHouse 33 7 0 Juliet_drums/1020 Custom_ESClearingHouse 24 12 3/1100 Custom_EastScarpe 24 109 2/1400 Custom_EastScarpe 56 41 2/1700 Saloon 42 21 3/2400 LodgingHouse 27 6 2 Juliet_sleep"
            },
            "When": {
                "HasSeenEvent": "86571101" //Has Gremlin
            }
        }
    ]
}