{
    "Format": "1.23.0",
    "ConfigSchema": {
        "Parent": {
            "AllowValues": "jasper", //Other spouses to come, eventually. Maybe... Abigail, Emily, Haley, Leah, Maru, Penny, Alex, Elliott, Harvey, Sam, Sebastian, Shane, Custom
            "Default": "jasper"
        },
        "CustomSprites": { //if you'd rather use Lumisterias or any other mod for your sprites, set this to 'false'
            "AllowValues": "true, false",
            "Default": "true"
        },
        "loadData": { //ONLY set this to false if you receive a message saying two mods had tried to load the same file (Characters/schedules/YourKidsName or Characters/Dialogue/YourKidsName)
            "AllowValues": "true, false",
            "Default": "true"
        },
        "CommunityCenterSchool": { //Set this to false if you have set the Community Center mod school schedule to 'false'. If you do not have the mod installed, this config will not have any effect
            "AllowValues": "true, false",
            "Default": "true"
        },
        "PlayerTitle": {
            "Default": "Mama"
        },
        "TwoKids": { //Set this to true when both your children are NPCs)
            "AllowValues": "true, false",
            "Default": "false"
        },
        "GenderFirstChild": { //Set the gender of your first child (will assume second is opposite gender)
            "AllowValues": "male, female, neutral",
            "Default": "neutral"
        },
    },
    "DynamicTokens": [
        { //Either uses ingame coding if possible, or replaces with C2N tokens)
            "Name": "kidName1",
            "Value": "%kid1"
        },
        {
            "Name": "kidName1",
            "Value": "{{Loe2run.ChildToNPC/FirstChildName}}",
            "When": {
                "HasSeenEvent": "5599200"
            }
        },
        {
            "Name": "kidName2",
            "Value": "the baby"
        },
        {
            "Name": "kidName2",
            "Value": "%kid1",
            "When": {
                "HasSeenEvent": "5599200"
            }
        },
        {
            "Name": "kidName2",
            "Value": "{{Loe2run.ChildToNPC/SecondChildName}}",
            "When": {
                "TwoKids": "true"
            }
        },
        // Determines pronouns for kids (default is neutral, set in config)
        //He/She/They
        {
            "Name": "Kid1_he_she_cap",
            "Value": "He"
        },
        {
            "Name": "Kid1_he_she_cap",
            "Value": "She",
            "When": {
                "GenderFirstChild": "female"
            }
        },
        {
            "Name": "Kid1_he_she_cap",
            "Value": "They",
            "When": {
                "GenderFirstChild": "neutral"
            }
        },
        {
            "Name": "Kid1_he_she",
            "Value": "he"
        },
        {
            "Name": "Kid1_he_she",
            "Value": "she",
            "When": {
                "GenderFirstChild": "female"
            }
        },
        {
            "Name": "Kid1_he_she_cap",
            "Value": "they",
            "When": {
                "GenderFirstChild": "neutral"
            }
        },
        //Kid2
        {
            "Name": "Kid2_he_she_cap",
            "Value": "She"
        },
        {
            "Name": "Kid2_he_she_cap",
            "Value": "He",
            "When": {
                "GenderFirstChild": "female"
            }
        },
        {
            "Name": "Kid2_he_she_cap",
            "Value": "They",
            "When": {
                "GenderFirstChild": "neutral"
            }
        },
        {
            "Name": "Kid2_he_she",
            "Value": "she"
        },
        {
            "Name": "Kid2_he_she",
            "Value": "he",
            "When": {
                "GenderFirstChild": "female"
            }
        },
        {
            "Name": "Kid2_he_she_cap",
            "Value": "they",
            "When": {
                "GenderFirstChild": "neutral"
            }
        },
        //His/Her/Their
        {
            "Name": "Kid1_his_her_cap",
            "Value": "His"
        },
        {
            "Name": "Kid1_his_her_cap",
            "Value": "Her",
            "When": {
                "GenderFirstChild": "female"
            }
        },
        {
            "Name": "Kid1_his_her_cap",
            "Value": "Their",
            "When": {
                "GenderFirstChild": "neutral"
            }
        },
        {
            "Name": "Kid1_his_her",
            "Value": "his"
        },
        {
            "Name": "Kid1_his_her",
            "Value": "her",
            "When": {
                "GenderFirstChild": "female"
            }
        },
        {
            "Name": "Kid1_his_her",
            "Value": "their",
            "When": {
                "GenderFirstChild": "neutral"
            }
        },
        //Kid2
        {
            "Name": "Kid2_his_her_cap",
            "Value": "Her"
        },
        {
            "Name": "Kid2_his_her_cap",
            "Value": "His",
            "When": {
                "GenderFirstChild": "female"
            }
        },
        {
            "Name": "Kid2_his_her_cap",
            "Value": "Their",
            "When": {
                "GenderFirstChild": "neutral"
            }
        },
        {
            "Name": "Kid2_his_her",
            "Value": "her"
        },
        {
            "Name": "Kid2_his_her",
            "Value": "his",
            "When": {
                "GenderFirstChild": "female"
            }
        },
        {
            "Name": "Kid2_his_her",
            "Value": "their",
            "When": {
                "GenderFirstChild": "neutral"
            }
        },
        //Him/Her/Them
        {
            "Name": "Kid1_him_her",
            "Value": "him"
        },
        {
            "Name": "Kid1_him_her",
            "Value": "her",
            "When": {
                "GenderFirstChild": "female"
            }
        },
        {
            "Name": "Kid1_him_her",
            "Value": "them",
            "When": {
                "GenderFirstChild": "neutral"
            }
        },
        //Kid2
        {
            "Name": "Kid2_him_her",
            "Value": "her"
        },
        {
            "Name": "Kid2_him_her",
            "Value": "him",
            "When": {
                "GenderFirstChild": "female"
            }
        },
        {
            "Name": "Kid2_him_her",
            "Value": "them",
            "When": {
                "GenderFirstChild": "neutral"
            }
        },
        //Brother/Sister/Sibling
        {
            "Name": "Kid1_brother_sister",
            "Value": "brother"
        },
        {
            "Name": "Kid1_brother_sister",
            "Value": "sister",
            "When": {
                "GenderFirstChild": "female"
            }
        },
        {
            "Name": "Kid1_brother_sister",
            "Value": "sibling",
            "When": {
                "GenderFirstChild": "neutral"
            }
        },
        {
            "Name": "Kid2_brother_sister",
            "Value": "sister"
        },
        {
            "Name": "Kid2_brother_sisterr",
            "Value": "brother",
            "When": {
                "GenderFirstChild": "female"
            }
        },
        {
            "Name": "Kid2_brother_sister",
            "Value": "sibling",
            "When": {
                "GenderFirstChild": "neutral"
            }
        },
        //Boy or girl
        {
            "Name": "Kid1_boy_girl",
            "Value": "boy"
        },
        {
            "Name": "Kid1_boy_girl",
            "Value": "girl",
            "When": {
                "GenderFirstChild": "female"
            }
        },
        {
            "Name": "Kid1_boy_girl",
            "Value": "kid",
            "When": {
                "GenderFirstChild": "neutral"
            }
        },
        {
            "Name": "Kid2_boy_girl",
            "Value": "girl"
        },
        {
            "Name": "Kid2_boy_girl",
            "Value": "boy",
            "When": {
                "GenderFirstChild": "female"
            }
        },
        {
            "Name": "Kid2_boy_girl",
            "Value": "kid",
            "When": {
                "GenderFirstChild": "neutral"
            }
        },
        { //changes the child's dialogue and demeanour when you determine their personality
            "Name": "kid1_trait",
            "Value": "sensitive"
        },
        /*{
            "Name": "kid1_trait",
            "Value": "sensitive",
            "When": {
                "HasDialogueAnswer": "5599201"
            }
        },
        {
            "Name": "kid1_trait",
            "Value": "determined",
            "When": {
                "HasDialogueAnswer": "5599202"
            }
        },
        {
            "Name": "kid1_trait",
            "Value": "serious",
            "When": {
                "HasDialogueAnswer": "5599203"
            }
        },
        {
            "Name": "kid1_trait",
            "Value": "fun",
            "When": {
                "HasDialogueAnswer": "5599204"
            }
        },*/
        {
            "Name": "kid2_trait",
            "Value": "determined"
        },
        /*{
            "Name": "kid2_trait",
            "Value": "sensitive",
            "When": {
                "HasDialogueAnswer": "5599301"
            }
        },
        {
            "Name": "kid2_trait",
            "Value": "determined",
            "When": {
                "HasDialogueAnswer": "5599302"
            }
        },
        {
            "Name": "kid2_trait",
            "Value": "serious",
            "When": {
                "HasDialogueAnswer": "5599303"
            }
        },
        {
            "Name": "kid2_trait",
            "Value": "fun",
            "When": {
                "HasDialogueAnswer": "5599304"
            }
        }*/
        {
            "Name": "EggFestWinner",
            "Value": "{{Random:vanilla, vanilla, kid1, kid2}}"
        },
    ],
    "Changes": [
        {
            "LogName": "Schedule Dialogue",
            "Action": "EditData",
            "Target": "Strings/schedules/Jasper",
            "Entries": {
                //Kid's strings
                "kid1_To1": "Love snow!",
                "kid1_Ar1": "Mr Gunther! Would like book 'bout animals, please.",
                "kid1_nm2": "Can I play with piggy!",
                "kid1_nm1": "Yay! Me an' Dadda gonna have lotsa fun!$1",
                "kid2_To1": "Look out!  Snowball!",
                "kid2_Ar1": "I wanna book about dragons! Big scary dragons!$1",
                "kid2_nm2": "The piggy is so funny!",
                "kid2_nm1": "I wanna try the coffee. But Dada says no...$2",
                "kid2_adv1": "Me an' Dadda an' {{kidName1}} are goin' on an adventure. Maybe there'll be a unicorn!$1",
                "kid1_school1": "Miss you Dadda!$2",
                "kid2_school1": "Bye Dadda! Have fun!$1",
                "kid1_school2": "I love school!$1",
                "kid2_school2": "When can we go outside an' play.$2",
                "kid1_school_wednesday": "Dada is so smart! I wanna be just like him when I grow up.$!",
                "kid2_school_wednesday": "I wish Dada would tell us a story 'bout the gobbles instead.$3",
                "kid1_school_friday": "Ssshh, gotta be quiet during school, Papa!$3^Ssshh, gotta be quiet during school, Mama!$3#$b#I'm learning!",
                "kid2_school_friday": "Can I come on an adventure with you? Books are bor-ring.",
                //Jasper's strings
                "marriage_ki1": "So much energy! I don't know how I'll ever keep up.$3", //add seasonal variances using i18n? {{i18n:kid1.town.{{kid1_trait}}.{{season}}.2}}
                "marriage_ki2": "Such a delightful age. It's silly, but I almost hope they never grow up.$1",
                "marriage_ki3": "Hello @. We're about to build a snowman! Would you like to help us?$3",
                "marriage_ki4": "Ah, fairy tales. Nothing like the classics, is there?", //{{i18n:kid1.arch.{{kid1_trait}}.{{season}}.2}}
                "marriage_ki5": "No pumpkin, that's a book for grown-ups... Oh, very well, if you insist!",
                "marriage_ki6": "Hello Gunther! No, I am not quite getting as much reading done nowadays, for some reason.",
                "marriage_kinm1": "Are you ready for an adventure today, {{kidName1}}?",
                "marriage_kinm2": "No pumpkin, you cannot pet the pig... Yes, I'm sure he's very friendly... But he's working, see?$2",
                "marriage_kisch1": "Have fun at school today! Dada looks forward to hearing all about it tonight.$1",
                "marriage_kisch2": "Oh no @, {{kidName1}} doesn't get special treatment.$2",
                //Egg Painting
                "marriage_eggpaint1": "Now, do you children understand the significance of the Egg Festival, and what it represents?",
                "marriage_eggpaint2": "Oh dear, I appear to have got more paint on myself than on the egg. I'm afraid I'm not much of an artist, my dear.$1",
                "kid1_eggpaint1": "Is all about chickens, right? And bunnies? And um... cute fluffy animals?$3#$b#I think there was something about plants too... but I forget.$2",
                "kid1_eggpaint2": "Don't distract me, {{PlayerTitle}}. This has gotta be perfect.$3",
                "kid2_eggpaint1": "It's about who can run the fastest and be the best hunter of eggs!#$b#And that's gonna be me, {{kidName1}}, I'm gonna WIN!",
                "kid2_eggpaint2": "I'm using all the colors! Mine's gonna be so bright you can see it from the stars!$1"
            }
        },
        //   Adds in the adjustments 
        /*  {
            "LogName": "FirstChild Dialogue",
            "Action": "Include",
            "FromFile": "assets/{{parent}}/Dialogue/{{kid1_trait}}.json",
            "When": {
                "Spouse": "Jasper"
            }
        },*/
        { //replaces %kid1 and %kid2 with tokens once the kids grow into NPCs - this may no longer trigger, so new dialogue may be required
            "LogName": "Jasper Dialogue",
            "Action": "Include",
            "FromFile": "assets/Jasper/MarriageDialogueJasper.json",
            "When": {
                "HasSeenEvent": "5599013"
            }
        },
        /* {
            "Action": "Include",
            "FromFile": "assets/MoviesReactions_kid1.json"
        },
        {
            "Action": "Include",
            "FromFile": "assets/MoviesReactions_kid2.json"
        },*/
        {
            "Action": "EditData",
            "Target": "Data/Events/Farmhouse",
            "Entries": {
                "5599200/p {{Loe2run.ChildToNPC/FirstChildName}}/O Jasper/t 600 620": "continue/-100 -100/farmer -1000 -1000 0 {{Loe2run.ChildToNPC/FirstChildName}} -1000 -1000 0 Jasper -1000 -1000 0/pause 50/playSound woodyStep/pause 50/playSound woodyStep/speak {{Loe2run.ChildToNPC/FirstChildName}} \"Papa, Dadda! Hadda bad dream.^Mama, Dadda! Hadda bad dream.$2\"/playSound thudStep/speak Jasper \"Come on pumpkin. Let's get you back into bed. I'll tell you a story.$12\"/speak {{Loe2run.ChildToNPC/FirstChildName}} \"Okay Dadda.#$b#One about goblin princess?\"/speak Jasper \"Yes, the one about the goblin princess.$12\"/pause 500/playSound woodyStep/playSound thudStep/pause 5000/end"
            },
            "When": {
                "Spouse": "Jasper"
            }
        },
        /* Starting event will have child and Jasper interracting. Farmer will be given a choice (on behalf of the child):
        5599201: "I wanna help with the animals."
        5599202: "I wanna go on an adventure!"
        5599203: "I wanna visit the library."
        5599204: "I wanna play in the playground!"

        For child 2:
        5599301: "I wanna help with the animals."
        5599302: "I wanna go on an adventure!"
        5599303: "I wanna visit the library."
        5599304: "I wanna play in the playground!"

        Serious: facts, figures, enjoys reading and writing over socializing. Asks a lot of scientific questions. (Ravenclaw)
        Funloving: acting, pranks/jokes. bubbly, bright, social. short attention span. very talkative. asks a lot of questions. (Hufflepuff) 
        Sensitive: artistic, gardener, conerned how other people are feeling. Sometimes worries others don't like them. shy. (also Hufflepuff) 
        Determined: sporty/competitive, warrior, speaks their mind, (Gryffindor)

        */
        {
            "LogName": "First Child",
            "Action": "Include",
            "FromFile": "assets/{{parent}}/FirstChild.json",
            "When": {
                "Spouse": "Jasper"
            }
        },
        {
            "LogName": "Second Child",
            "Action": "Include",
            "FromFile": "assets/{{parent}}/SecondChild.json",
            "When": {
                "Spouse": "Jasper"
            }
        },
        //Festivals for Kid 1
        {
            "Action": "EditData",
            "Target": "Data/Festivals/spring13",
            "TextOperations": [
                {
                    "Operation": "Append",
                    "Target": [
                        "Entries",
                        "Set-Up_additionalCharacters"
                    ],
                    "Value": "{{Loe2run.ChildToNPC/FirstChildName}} 19 80 left/{{Loe2run.ChildToNPC/SecondChildName}} 21 76 right",
                    "Delimiter": "/"
                },
                {
                    "Operation": "Append",
                    "Target": [
                        "Fields",
                        "set-up",
                        7
                    ],
                    "Value": "advancedMove {{Loe2run.ChildToNPC/FirstChildName}} true 0 -4 2 0 0 4 -2 0/advancedMove {{Loe2run.ChildToNPC/SecondChildName}} true 0 4 -2 0 0 -4 2 0",
                    "Delimiter": "/"
                },
                {
                    "Operation": "Append",
                    "Target": [
                        "Entries",
                        "MainEvent_additionalCharacters"
                    ],
                    "Value": "{{Loe2run.ChildToNPC/FirstChildName}} 25 66 right/{{Loe2run.ChildToNPC/SecondChildName}} 25 67 right/Jasper 49 78 2",
                    "Delimiter": "/"
                },
                {
                    "Operation": "Append",
                    "Target": [
                        "Fields",
                        "mainEvent",
                        21
                    ],
                    "Value": "faceDirection {{Loe2run.ChildToNPC/FirstChildName}} 2 true/faceDirection {{Loe2run.ChildToNPC/SecondChildName}} 0 true/emote {{Loe2run.ChildToNPC/FirstChildName}} 16",
                    "Delimiter": "/"
                },
                {
                    "Operation": "Append",
                    "Target": [
                        "Fields",
                        "mainEvent",
                        31
                    ],
                    "Value": "faceDirection {{Loe2run.ChildToNPC/FirstChildName}} 1 true/faceDirection {{Loe2run.ChildToNPC/SecondChildName}} 1 true",
                    "Delimiter": "/"
                },
                {
                    "Operation": "Append",
                    "Target": [
                        "Fields",
                        "mainEvent",
                        47
                    ],
                    "Value": "advancedMove {{Loe2run.ChildToNPC/SecondChildName}} false 0 9 13 0 0 4 11 0 0 -1/advancedMove {{Loe2run.ChildToNPC/FirstChildName}} false 0 -7 -2 0 0 -3 2 0 0 -2",
                    "Delimiter": "/"
                }
            ]
        },
        {
            "LogName": "Egg Festival",
            "Action": "EditData",
            "Target": "Data/Festivals/spring13",
            "Entries": {
                "{{Loe2run.ChildToNPC/FirstChildName}}": "{{kidName2}} keeps bragging 'bout how {{kid2_he_she}}'s gonna get the most eggs. But I've gotta plan, and I'm gonna win!#$b#But don't worry - I'll share some with you and Dadda, {{PlayerTitle}}.",
                "{{Loe2run.ChildToNPC/SecondChildName}}": "I'm gonna find all the eggs! Cos I'm the fastest.$1",
                "Jasper_spouse":"The children have so much energy, my love.#$b#It was possibly a mistake to let them eat so many of those birdnest meringues...$4"
            }
        },
        { //Edits Lewis' CS string to kid 1
            "Action": "EditData",
            "Target": "Strings/StringsFromCSFiles",
            "When": {
                "EggFestWinner": "kid1"
            },
            "Entries": {
                "Event.cs.1862": "{{kidName1}}!"
            }
        },
        { //Edits Lewis' CS string to kid 2
            "Action": "EditData",
            "Target": "Strings/StringsFromCSFiles",
            "When": {
                "EggFestWinner": "kid2"
            },
            "Entries": {
                "Event.cs.1862": "{{kidName2}}!"
            }
        },
        {
            //One of the farmer's kids win
            "Action": "EditData",
            "Target": "Data/Festivals/spring13",
            "When": {
                "EggFestWinner": "kid1"
            },
            "Entries": {
                "AbbyWin": "addConversationTopic Kid1Win 3/pause 100/jump {{Loe2run.ChildToNPC/FirstChildName}}/pause 200/pause 800/pause 200/move Lewis -1 0 3/pause 100/speak Lewis \"Here's your prize, {{kidName1}}. Enjoy!$1\"/move {{Loe2run.ChildToNPC/FirstChildName}} 1 0 1/emote {{Loe2run.ChildToNPC/FirstChildName}} 20/pause 800/playSound coin/pause 700/move {{Loe2run.ChildToNPC/FirstChildName}} -1 0 2/faceDirection {{Loe2run.ChildToNPC/SecondChildName}} 0/textAboveHead {{Loe2run.ChildToNPC/FirstChildName}} \"I won!\"/pause 200/faceDirection Lewis 0/pause 300/move Lewis 2 0 0/speak Lewis \"Well, that's it for this year's Egg Festival. Thanks for coming, everyone!\"/pause 1000/viewport move 1 -1 5000/pause 2000/globalFade/viewport -1000 -1000/waitForOtherPlayers festivalEnd/end"
            }
        },
        {
            //One of the farmer's kids win
            "Action": "EditData",
            "Target": "Data/Festivals/spring13",
            "When": {
                "EggFestWinner": "kid2"
            },
            "Entries": {
                "AbbyWin": "addConversationTopic Kid2Win 3/pause 100/jump {{Loe2run.ChildToNPC/SecondChildName}}/pause 200/pause 800/pause 200/move Lewis 0 1 3/move Lewis -1 0 3/pause 100/speak Lewis \"Here's your prize, {{kidName2}}. Enjoy!$1\"/move {{Loe2run.ChildToNPC/SecondChildName}} 1 0 0/emote {{Loe2run.ChildToNPC/SecondChildName}} 32/pause 800/playSound coin/pause 700/move {{Loe2run.ChildToNPC/SecondChildName}} 1 0 0/faceDirection {{Loe2run.ChildToNPC/FirstChildName}} 2/textAboveHead {{Loe2run.ChildToNPC/SecondChildName}} \"I won!\"/pause 200/faceDirection Lewis 0/pause 300/move Lewis 2 0 0/speak Lewis \"Well, that's it for this year's Egg Festival. Thanks for coming, everyone!\"/pause 1000/viewport move 1 -1 5000/pause 2000/globalFade/viewport -1000 -1000/waitForOtherPlayers festivalEnd/end"
            }
        },
        /*
{
    "Action": "EditData",
    "Target": "Data/Festivals/spring24",
    "TextOperations": [
        {
            "Operation": "Append",
            "Target": [
                "Entries",
                "Set-Up_additionalCharacters"
            ],
            "Value": "Jasper 4 29 down",
            "Delimiter": "/"
        }
    ]
},
{
    "Action": "EditData",
    "Target": "Data/Festivals/summer11",
    "TextOperations": [
        {
            "Operation": "Append",
            "Target": [
                "Entries",
                "Set-Up_additionalCharacters"
            ],
            "Value": "Jasper 11 39 down",
            "Delimiter": "/"
        }
    ]
},
{
    "Action": "EditData",
    "Target": "Data/Festivals/summer28",
    "TextOperations": [
        {
            "Operation": "Append",
            "Target": [
                "Entries",
                "Set-Up_additionalCharacters"
            ],
            "Value": "Jasper 88 40 down",
            "Delimiter": "/"
        }
    ]
},
{
    "Action": "EditData",
    "Target": "Data/Festivals/fall16",
    "TextOperations": [
        {
            "Operation": "Append",
            "Target": [
                "Entries",
                "Set-Up_additionalCharacters"
            ],
            "Value": "Jasper 38 77 down",
            "Delimiter": "/"
        }
        
    ]
},
{
    "Action": "EditData",
    "Target": "Data/Festivals/fall27",
    "TextOperations": [
        {
            "Operation": "Append",
            "Target": [
                "Entries",
                "Set-Up_additionalCharacters"
            ],
            "Value": "Jasper 27 56 down",
            "Delimiter": "/"
        }
    ]
},
{
    "Action": "EditData",
    "Target": "Data/Festivals/winter8",
    "TextOperations": [
        {
            "Operation": "Append",
            "Target": [
                "Entries",
                "Set-Up_additionalCharacters"
            ],
            "Value": "Jasper 10 44 right",
            "Delimiter": "/"
        }
    ]
},*/
        {
            "Action": "EditData",
            "Target": "Data/Festivals/winter25",
            "TextOperations": [
                {
                    "Operation": "Append",
                    "Target": [
                        "Entries",
                        "Set-Up_additionalCharacters"
                    ],
                    "Value": "{{Loe2run.ChildToNPC/FirstChildName}} 26 77 left/{{Loe2run.ChildToNPC/SecondChildName}} 24 77 right",
                    "Delimiter": "/"
                }
            ]
        },
        {
            "LogName": "Winter Star",
            "Action": "EditData",
            "Target": "Data/Festivals/winter25",
            "Entries": {
                "{{Loe2run.ChildToNPC/FirstChildName}}": "Mr. Willy tol' us a story, then Mr. Gus talked on and on an' on about candy canes.#$b#I thought he was gonna talk forever!$1",
                "{{Loe2run.ChildToNPC/SecondChildName}}": "Can we open the presents yet? Puh-leese?#$b#I want a pony!"
            }
        },
    ]
}