{
    "Changes": [
        {
            "Action": "EditMap",
            "Target": "Maps/CommunityCenter_refurbished",
            "MapProperties": {
                "Music": "sampractice"
            },
            "When": {
                "Weather": "rain,storm"
            }
        },
        {
            "LogName": "Schedule",
            "Action": "EditData",
            "Target": "Characters/schedules/Sam",
            "Entries": {
                "rain": "1000 SamHouse 15 13 0/1100 CommunityCenter 27 18 2 sam_guitar \"Strings\\schedules\\Sam:Guitar_{{Random:Gt1,Gt2,Gt3}}\"/1500 SamHouse 8 6 3 sam_gameboy/1700 SamHouse 17 13 0/1830 SamHouse 22 16 1/2000 SamHouse 22 13 1 sam_sleep",
                "rain2": "1000 SamHouse 15 13 0/1100 CommunityCenter 27 18 2 sam_guitar \"Strings\\schedules\\Sam:Guitar_{{Random:Gt1,Gt2,Gt3}}\"/1500 Saloon 38 18 0/1940 SamHouse 22 13 1 sam_sleep"
            }
        },
        {
            "LogName": "Schedule",
            "Action": "EditData",
            "Target": "Characters/schedules/Penny",
            "When": {
                "DayOfWeek": "Thursday"
            },
            "Entries": {
                "rain": "900 Trailer 1 8 0/1030 CommunityCenter 23 17 2 penny_read  \"Strings\\schedules\\Penny:Guitar_{{Random:Gt1,Gt2,Gt3}}\"/1500 CommunityCenter 46 13 0/1800 Trailer 12 6 0 penny_dishes/2100 Trailer 4 9 1 penny_sleep",
                "rain2": "900 Trailer 1 8 0/1030 CommunityCenter 23 17 2 penny_read  \"Strings\\schedules\\Penny:Guitar_{{Random:Gt1,Gt2,Gt3}}\"/1500 CommunityCenter 46 13 0/1800 Trailer 12 6 0 penny_dishes/2100 Trailer 4 9 1 penny_sleep"
            }
        },
        /*{
            "LogName": "Schedule",
            "Action": "EditData",
            "Target": "Characters/schedules/Sheila",
            "When": {
                "HasMod": "CPBoardingHouse",
                "DayOfWeek": "Sunday"
            },
            "Entries": {
                "rain": "610 BoardingHouse 15 7 2 sheila_coffee \"Strings\\schedules\\Sheila:breakfast.000\"/900 BoardingHouse 29 4 0/1000 CommunityCenter 24 8 2 sheila_read \"Strings\\schedules\\Sheila:Guitar_{{Random:Gt1, Gt2, Gt3}}\"/1500 BoardingHouse 25 4 2/2200 BuffalosRanch 3 5 2"
            }
        },*/
        {
            "LogName": "Jamtime - Sam",
            "Action": "EditData",
            "Target": "Strings/schedules/Sam",
            "Entries": {
                "Guitar_Gt1": "{{i18n:RainyDayD1.Sam.1}}",
                "Guitar_Gt2": "{{i18n:RainyDayD1.Sam.2}}",
                "Guitar_Gt3": "{{i18n:RainyDayD1.Sam.3}}"
            }
        },
        {
            "LogName": "Jamtime - Penny",
            "Action": "EditData",
            "Target": "Strings/schedules/Penny",
            "Entries": {
                "Guitar_Gt1": "{{i18n:RainyDayD1.Penny.1}}",
                "Guitar_Gt2": "{{i18n:RainyDayD1.Penny.2}}",
                "Guitar_Gt3": "{{i18n:RainyDayD1.Penny.3}}"
            }
        },
        /*{
            "LogName": "Jamtime - Sheila",
            "Action": "EditData",
            "Target": "Strings/schedules/Sheila",
            "When": {
                "HasMod": "CPBoardingHouse"
            },
            "Entries": {
                "Guitar_Gt1": "{{i18n:RainyDayD1.Sheila.1}}",
                "Guitar_Gt2": "{{i18n:RainyDayD1.Sheila.2}}",
                "Guitar_Gt3": "{{i18n:RainyDayD1.Sheila.3}}"
            }
        }*/
    ]
}