{   
  "Changes":[
   
{	"LogName": "Dialogue 6-hearts",
    "Action": "EditData",
    "Target": "Characters/Dialogue/MisterGinger",
    "When": {   "HasSeenEvent |contains=50706121":false  },
    "Entries":{
            "Introduction": "애오옭? 애옹!$1",
            "Mon": "메야옹?",
            "Tue": "미야야야웅!$1",
            "Wed": "먀아아아아웅.$2",
            "Thu": "냐앙!$1",
            "Fri": "미유우우우웅.",
            "Sat": "냐 냐 뉴 냐 냔냐냥?$2",
            "Sun": "냐냥!$1",
            "Town_54_71": "애옹애웅 애우웅애웅!$3",
            "MrG_Friend": "냐앙!",
            "MrG_Rid": "냐아아앙",
            "rejectNPCA": "캬아아악!$5",
            "rejectNPCB": "%미스터 진저는 킁킁거리며 냄새를 맡더니 휙 머리를 돌렸다. 흥미가 없는 것 같다.",
            "engageA": "메야아아아.... 뭬야야야옹!$5",
            "engageB": "%미스터 진저는 관심이 없어 보인다.",
            "marriedA": "캬아아....캬악!$5",
            "marriedB": "%미스터 진저는 행복해 보이지 않는다..",
            "refusal_no_heartsA": "하아아악!$5",
            "refusal_no_heartsB": "캬아악.$5"
            }
        },
        {	"LogName": "Dialogue 6-hearts",
            "Action": "EditData",
            "Target": "Characters/Dialogue/MisterGinger",
            "When": {   "HasSeenEvent |contains=50706121":true  },
            "Entries": { 
                "danceRejection": "책에서 말하는 건 믿지 마. 고양이는 춤 안 춰.",
                "divorced": "...캬아아아...$5",
                "breakUp": "뭐, 괜찮아. 어쨌든 애비게일이 머리를 더 잘 긁어주니까.$2",
                "give_flowersA": "이건 뭘 위한 거지? 인간들의 이상한 의식같은 건가? 잠깐, 이거 캣닙이야?$3#$b#오, 당연히 받아주지! 설령 이게 단지 피에르의 '부자되기 계획'중 하나라고 해도 말이야!$4",
                "give_flowersB": "오오오 이 냄새, 캣닙 맞지? 넌 나를 너무 잘 알아, @!#$b#그래, 그래, 나도 너와 함께해서 즐거워.",
                "give_pendant": "오오, 줄에 매달린 장난감이라. *펜던트를 문다* 같이 살자고 초대하는 거라고?$4#$b#내가 원할 때면 언제든지 생선이랑 치즈를 먹을 수 있다니! 내가 어떻게 그걸 거절하겠어!$3",
                "Town_54_71": "거기 너, 멍청한 얼굴! 넌 스스로를 꽤나 터프하다고 생각하겠지, 네 크고 날카로운 이빨과 끈적거리는 혀를 보면서 말이야!$4#$b#하지만 이걸 어쩌나. 넌 거기 갇혀 있고, 난 여기 나와 있는데!$1",
                "Town_56_21": "$d cc#그래서, 안에 든 건 뭐야 @? 미스테리하고, 마법적이며, 생선과 치즈로 가득 차 있나?$5#$b#아니야? 흠, 아쉽네.$2|저기서 무슨 소리가 들려, @. 쥐나 새가 아니야, 뭔가 다른 거 같은데. 좀 더 환상적인 거.#$b#어떤 맛일지 궁금한데?$1",
                "Forest_29_12": "안녕 @! 너도 고토로 제국의 간식을 먹어보러 왔나?$4",
                "Mon": "누구나 동물에게 말을 걸 수 있어, 하지만 그들의 말을 들을 수 있는 건 오직 특별한 사람들 뿐이지.#$b#맞아, 이거 칭찬이야.#$b#익숙해지지는 마. 너도 알다시피 난 칭찬이랑 안 친하니까.",
                "Mon8": "가끔씩 내가 인간이 되는 꿈을 꾸곤 해.#$b#꿈에서 깨고, 내 털이 무사한지 확인한 다음에야 '아 꿈이었군'하고 안도하지.$3#$b#농담이야. '엄지손가락'을 가지게 된다면 분명 멋질 거야. 내 식대로 부르자면, '만능-발'말이야.$1",
                "Mon10": "너와 함께하는 게 정말 즐겁다는 걸 깨달았어, @. 내가 이렇게 높이 평가하는 인간은 거의 없다고.",
                "Tues": "흠... 화요일... 윌리가 냉장고를 청소하고 있을 지 궁금한데...#$b#같이 갈래, @? 분명 미끼용 동물 내장이 있을 거야!$1",
                "Tue8": "리틀 비니'는 항상 미스 페니와 결혼하고 싶다고 소근거리지.#$b#멍청한 새끼고양이, 그녀가 다른 사람에게 반했다는 건 눈알이 한 짝뿐이라도 알 수 있는데 말이야.#$b#누구냐고? 음 말할 수 없어.$3",
                "Tue10": "동화 속 이야기를 믿어, @? 재스가 나한테 읽어줬어.#$b#내가 제일 좋아하는 건 '해와 달이 된 오누이'이야. 이거 알아?",
                "Wed": "넌 인간치고는 꽤 괜찮은 거 같아, @. 그 끔찍한 피에르 녀석과는 달라.#$b#그놈이 날 뭐라고 부르는 지 알아? 유해동물이래! 유해동물!$5",
                "Wed8": "재스민이랑 같이 장화신은 고양이라는 영화를 봤어.#$b#어딜가야 단검을 구할 수 있을까.",
                "Wed10": "재스랑 같이 살아서 정말 좋아. 하지만 그녀는 계속 커가는 중이고, 조금만 지나면 더이상 날 필요로 하지 않겠지.#$b#그런 다음에는 뭘 하면 좋을지 모르겠어.$2",
                "Thu": "그래, 인정할게. 난 재스에게 상당한 애착을 느껴. 꼬마아가씨에겐 계속 지켜봐 줄 누군가가 필요하다고.#$b#마음껏 장난치며 클 수 있게 말이야.$1#$b#뭐? 아니야. 진심이라고!$3",
                "Thu8": "오늘 나 줄 물고기 좀 잡았나? 아니면 포슬포슬한 치즈 한 조각이라도?$4",
                "Thu10": "$q 910/911 MrG_Fairytale#만약 네가 고양이로 변신할 수 있다면, 넌 변신할 거야?#$r 910 50 MrG_Fairytales_Yes#응! 생각해 볼 것도 없이 당장!#$r 910 50 MrG_Fairytales_Human#너는? 만약 사람으로 변신할 수 있다면, 변신할 거야?#$r 911 -5 MrG_Fairytales_No#아니, 난 사람인 게 좋아.#$r 911 -25 MrG_Fairytales_NoWay#절대! 내가 왜 너처럼 되는 걸 원하겠어?",
                    "MrG_Fairytales_Yes": "당연히 그러겠지! 우린 가장 우월한 종족이니까.",
                    "MrG_Fairytales_Human": "응, 만약 할 수 있다면. 손이 있다면 할 수 있을 일이 몇 가지 생각났거든.$1#$b#통조림캔 뚜껑을 따는 일 같은 거 말이야! 네가 무슨 생각을 했는지 모르겠군.$4",
                    "MrG_Fairytales_No": "너는 햇볕 아래 눕거나, 나비를 쫒거나, 머리를 긁으며 일생을 보내는 걸 원하지 않겠지?#$b#뭐, 니 손해야.$4",
                    "MrG_Fairytales_NoWay": "오... 난 그저 만약에 하고 생각했을 뿐이야... 뭐, 신경쓰지 마.$2",
                    "MrG_Fairytale": "$p 910#개구리 왕자라는 동화 알아? 그 방법이 효과가 있는지 라스한테 물어봤는데... 대답은 'No'래.$2|어이, 너는 나무에서 떨어질 때 두 발로 착지할 수 있나? 당연히 못하겠지! 이쪽이 더 우등한 종족이군.$4",
                "Fri": "금요일... 전통적으로 밤에 생선을 먹는 날이지.#$b#흠... 낚시하기 좋은 시간인 것 같군, 안 그래?$1",
                "Fri8": "오늘 주점에 들리나, @? 만약 들리게 된다면, 몰래 거스가 만든 맛있는 어묵 좀 챙겨줄래?#$b#뭐 때문인지는 모르겠는데, 그는 내 도움을 별로 고맙게 생각하지 않는 것 같아.",
                "Fri10": "잠시 동안은 거스와 나도 친구였어. 그런데 생선구이와 관련된 오해가 발생했지...#$b#잠시 식히려고 생선구이를 내려 놨다는 걸 내가 어떻게 알았겠어?",
                "Sat": "뭐? 아니, 널 따라가는 게 아니야. 난 그냥 우연히 이 길로 가는 중이었어. 관심 고마워.",
                "Sat8": "쥐를 잡았어. 그래서 마니에게 보여주려 집에 가져갔는데, 비명을 지르더군.#$b#몇몇 인간들은 잘한 일에 대해 감사할 줄을 몰라.",
                "Sat10": "너희 농장에는 쥐 없어, @? 만약 있으면, 너에게 설치류 퇴치 서비스를 받을 수 있는 특권을 줄게.$1#$b#요금은 아주 합리적으로 치즈 또는 생선만 취급해.$4",
                "Sun": "라스모디우스는 내가 받아들일 수 있는 친구야. 어이, 너도 마찬가지야 @. 난 널 완벽히 받아들였다고.$1",
                "Sun8": "에밀리는 순수한 아가씨야. 그리고 그 달궈진 쇳냄새나는 텅치 큰 남자?#$b#눈이 달리기만 했다면 누구든 그가 그녀를 신경쓴다는 걸 알 수 있어...#$b#그런데 그는 그녀에게 말을 하지 않지. 인간의 구애 활동은 터무니없이 복잡해.",
                "Sun10": "네가 다른 이의 말에 귀 기울여 준다면, 놀랄 만큼 많은 이들이 너와 말하고 싶어 할 거야.#$b#난 많은 비밀을 가지고 있지, @.#$b#너에게 털어놓고 싶지만, 난 말 할 수 없어.$3",
                "summer_Mon": "인간은 괴상한 생명체야, @. 그들은 쓸모없는 물건을 수집하고, 터무니 없는 걱정을 하는 일에 많은 시간을 쓰지...#$b#... 그들은 언제 잠자기 같은 생산적인 일을 하는걸까.$4",
                "summer_Mon8": "어젯밤 내가 안에 있는 걸 모르고 셰인이 닭장 문을 잠가 버렸어.#$b#하나 알려 줄게, 닭은 '절대' 건드리면 안 되는 새야. 오, 내 털을 다시 다듬는데 몇 시간이나 걸렸어!$2",
                "summer_Tue": "$d joja#그 소름끼치는 모리스는 밤에도 잠들지 않고 항상 뭔가를 하고 있지. 내가 너라면, 그를 계속 주시할 거야.|시장 루이스? 난 그가 밤에 몰래 돌아다니는 걸 목격했어. 날 의심하도록 만들더군.$5#$b#뭔가 구린 데가 있는 것 같아.",
                "summer_Tue8": "닭들은 성격이 나쁘지만, 웃어넘길 수 있을 정도야. 거위에 비해선 말이지...#$b#거위는 그냥 악마야, @. 너도 조심해!",
                "summer_Tue10": "내가, 음, 선물을 준비해봤어. 마음에 들었으면 좋겠군...$6[136 145 138]",
                "summer_Wed": "재스가 '백설공주와 일곱 난쟁이'를 읽어줬어. 그런데 그 애가 뭔가 잘못 알고 있는 거 같아.#$b#난쟁이 이름이 '재채기'일 리는 없잖아?",
                "summer_Thu": "적절한 대화 상대가 있어서 기뻐. 이 근방에서 지적인 대화를 나눌 기회란 거의 없다고 봐야 하거든.#$b#인간들은 왜 우리만 보면 우쭈쭈거리며 아기 취급하는 거지? 아주 모욕적이야.",
                "summer_Fri": "너한테는 손이 있지만, 내 발처럼 날카로운 칼날이 달려 있지는 않지!",
                "summer_Sat": "고양이는 수많은 진화를 거쳐 완벽한 킬링 머신으로 거듭났지.#$b#우리가 너만큼 크다면, 세계정복도 불가능은 아니지.#$b#하지만 캔을 따 줄 인간은 필요해.",
                "summer_Sun": "보라색 머리를 한 아가씨? 아 애비게일. 내 인정을 받은 인간이지!#$b#그녀는 뒷문으로 몰래 남은 음식을 가져다 주거든.",
                "summer_Sun8": "애비게일 알아? 그녀에게선 밤의 속삭임 같은 냄새가 나. 내 흥미를 이끌지.#$b#때때로 나는 그녀가 나를 거의 이해할 수 있을지도 모른다고 생각해.",
                "fall_Mon": "재스가 요즘 새에 관심을 가지고 있어.#$b#그래서 내가 알려줬지. '이 세상에는 딱 세 종류의 새가 있다: 맛있는 새, 시끄러운 새, 그리고 무서운 새.'#$b#이해 못하는 거 같더라.",
                "fall_Mon8": "새들이 실제로 무슨 말을 하는지 인간들이 알수 있게 되면, 오만 정이 떨어질 걸.",
                "fall_Tue": "보라-소녀가 날 뭐라고 부르는 지 아나? 펌킨이야! 난 그 멍청하고 울룩불룩한 과일이 아니라고.#$b#어쨌든 그녀는 날 잘 대해 주니까, 불평해서 안된다는 건 알지만... 그래도 펌킨이라니!",
                "fall_Wed": "산뜻한 가을의 색들이 아름답지 않나? 무수히 많은 파랑과 초록의 물결들!#$b#빨강과 주황이라고? 정말? 너희 인간들은 뛰어난 색각을 가지고 있군.",
                "fall_Thu": "'오, 이 예쁘고 앙증맞은 아기고양이는 누구지.' 이걸 말이라고 하는 건가?#$b#내 말은, 할머니는 정말 마음이 따뜻한 분이셔, 그건 인정해. 하지만... '앙증맞은'??!",
                "fall_Fri": "안녕 @. 오늘 생선 많이 잡기를 바랄게!",
                "fall_Sat": "금발에 키 큰 인간 남자는 날 '구스'라고 부르곤 웃지.#$b#하지만 난 멍청하고, 투덜거리는, 허여멀건한 거위가 아니라고! 인간의 유머감각은 어떻게 돼먹은 수준인 거야?",
                "fall_Sun": "오늘 날씨 참 좋네. 햇살이 나뭇가지 사이로 만든 저 무늬 좀 봐 봐.$3#$b#비둘기처럼 보이지 않아? 통통하게 살찐, 맛있는 비둘기.$1",
                "winter_Mon": "너에게 당부할 게 있어, @. 마을에 있는 쓰레기통은 다 내 관할이야. 그러니까 멋대로 뒤지지 말라고.#$b#그래, 때때로 라이너스에게 우선권을 주기도 하지. 그건 지극히 정당한 거야. 그에게는 나 같은 사냥 기술이 없으니까.",
                "winter_Tue": "나 네가 '인터넷'이라 부르는 걸 이용해 본 적 있어.#$b#우리에겐 일종의 신전 같은 곳이라고 가정하는 게 맞나, 고양이 마스터?$3",
                "winter_Wed": "말론은 만나 본 적 있어? 말론이 고양이라면, 그는 아마 영역 싸움에서 얻은 흉터를 가진 우두머리 수컷이었을 거야.",
                "winter_Wed8": "어젯밤엔 말론과 함께 순찰을 돌았어. 몬스터 퇴치, 알지?#$b#아니, 쥐 말고! 그런 거 있잖아. 내 털을 곤두서게 하는 그런 것들.",
                "winter_Wed10": "마녀의 시간이라고 들어 본 적 있나? 세상은 잠들고, 어둠이 깨어나는 시간이지.#$b#통행금지가 있는 데는 이유가 있는 거라고. 안전하게 있어, @. 너에게 무슨 일이 생긴다면, 가장 제정신이 아닌 건 나일 거야.",
                "winter_Sun10": "라스에겐 친구가 별로 없어. 그런데 숲에서 은둔자와 함께 있는 걸 본 적은 있어.#$b#라이너스 알지? 흙이랑 생선 냄새를 풀풀 풍기는 남자 말이야.",
                "spring_Sun_inlaw_Shane": "네 치킨맨은 잘 있지?#$b#술을 줄였다고? 잘 됐네!$1",
                "spring_Sun_inlaw_Emily": "지금 새 한 마리랑 같이 산다고 들었어.#$b#상상해 봐. 나랑 같이 살 수도 있었는데, 새를 선택했다고.#$b#뭐, 취향은 자유인 거니까. 그게 에밀리의 매력이겠지.",
                "spring_Sun_inlaw_Abigail": "애비게일은 더이상 그 지루한 부부에게 시달리지 않아도 돼서 훨씬 행복해 보여.$1#$b#그녀에게 안부 전해 줘!$4",
                "spring_Sun_inlaw_Sebastian": "그 우울한 까마귀 소년이 널 행복하게 해주긴 해?#$b#그래 뭐, 취향은 자유로운 거니까.",
                "spring_Sun_inlaw_Sam": "샘슨은 골든 리트리버 같지 않아? 열정넘치고, 활동적이고, 칭찬받으면 좋아라 하잖아.#$b#나만 그렇게 생각하는 건가?",
                "spring_Sun_inlaw_Elliot": "'미스터 허세'께서 벌써 너에게 시를 써 줬다고?#$b#나도 시는 얼마든지 쓸 수 있어.#$b#장미꽃은 파랗고, 제비꽃 또한 마찬가지...#$b#뭐? 맞아, 나 색맹이야. 하지만 너 깜깜한데서 앞을 볼 수 있어? 없지? 나도 마찬가지라고!",
                "spring_Sun_inlaw_Penny": "하, 네가 페니랑 결혼한 걸 리틀 비니가 엄청 질투하더군! 인간들은 바보 같아.",
                "spring_Sun_inlaw_Maru": "과학소녀가 아직 집에 불을 안 냈다고? 다행이네.#$b#그녀를 계속 주시해야 할 거야. 그녀에겐 딸기와 차가운 금속 냄새가 나거든.#$b#이상한 조합이지.",
                "spring_Sun_inlaw_Krobus": "너한테서 흥미로운 냄새가 나, @. 마치 그림자 같은...#$b#...공허와 관련 있는 건가? 그리고... 하수구?#$b#도대체 뭘 하고 다니는 거야?",
                "spring_Sun_inlaw_Leah": "쥐들은 모두 레아의 오두막으로 몰려 갔을 거야. 지금 비어 있으니까.#$b#그녀가 그리워. 내게 항상 치즈 한 덩어리와 함께 따뜻한 말을 해줬었는데.",
                "spring_Sun_inlaw_Harvey": "어이 @. 우리의 친구 '귀염둥이 청설모'는 잘 지내고 있나?#$b#뭐? 이제와서 '나는 절대 그런 생각 한 적 없다'하고 발 뺄 생각은 아니겠지!$4",
                "spring_Sun_inlaw_Haley": "아, 네 사랑스러운 아내는 내 사진을 찍는 걸 좋아하더군.#$b#뭐, 어쩔 수 없지. 내가 너무 멋진 고양이인 걸 어떡하겠어, 안 그래?#$b#내가 마음만 먹으면 셀럽 생태계가 뒤집어질 거야.",
                "spring_Sun_inlaw_Alex": "너의 사랑스러운 운동소년은 지금도 꿈을 좆고 있는 중이야? 그... 뭐라고 했었지? 공차기 스타?#$b#그만뒀다고? 현명한 인간이네. 꿈을 좆지 마라, 그러면 절대 이룰 수 없으니.#$b#그는 꿈을 포기한 대신, 더 큰 꿈을 이뤘잖아? 너 말이야.",
                "MrG_Friend": "영광이야, @.",
                "MrG_Rid": "오...$2#$b#그래, 내 '터무니없는' 고양이 감성 때문에 귀찮게 해서 정말 미안하군.$5#$b#넌 피크닉을 즐기는 게 나을 거야. 난 절대 안 그럴 거지만.$2",
                "stardrop_gift": "이상한 과일을 발견했어. 맛 없어 보였는데, 너라면 좋아할 지도 모른다고 생각했어.$1#$b#누가 내 머리를 긁어줄 때처럼 따뜻하고 짜릿한 기분이야... 갸르릉...$l",
                "rejectNPCA": "이건 뭐야? 내가 이런 걸 원할 거라고 생각한 거야?",
                "rejectNPCB": "꽃다발? 고양이가 꽃다발을 가지고 뭘 하지? 꽃다발이 도대체 무슨 쓸모가 있는 거야?",
                "reject_two_heartA": "꽃다발? 고양이가 꽃다발을 가지고 뭘 하지? 꽃다발이 도대체 무슨 쓸모가 있는 거야?",
                "reject_two_heartB": "에에에에-에취! 내 눈앞에서 당장 치워.$5",
                "reject_four_heartA": "꽃다발? 고양이가 꽃다발을 가지고 뭘 하지? 꽃다발이 도대체 무슨 쓸모가 있는 거야?",
                "reject_four_heartB": "에아아아-아촤! 윽, 꽃가루. 내 눈앞에서 당장 치워.$5",
                "engageA": "음, 나 고양이인 거 알잖아, 안 그래?$3#$b#게다가, 너희 인간들은 일부일처제의 굴레에 묶여 있는 걸로 아는데.$1",
                "engageB": "나와 결혼하고 싶다고? 쥐가 네 뇌를 먹어 버렸나?$2",
                "marriedA": "너랑 %spouse, 거기다 나까지 같이 살자고? 좀 비좁을 것 같는데.#$b#난 사생활이 필요하다고. 하루 종일 '이리와 야옹아'에 시달리는 건 싫어!",
                "marriedB": "오 @. 너는 충분히 환영인데 말이야, %spouse도 함께 산다?#$b#내 대답은 '절대로 싫어'야.$2",
                "refusal_no_heartsA": "장난감인가? 내 앞에서 치워 줘. 어쨌든, 넌 누구야?",
                "refusal_no_heartsB": "오, 고양이랑 놀아 주려고? 해 봐. 자... 시작!",
                "refusal_knownA": "난 널 충분히 좋아해, @. 하지만 마니의 목장을 떠날 수는 없어.",
                "refusal_knownB": "너랑 같이 살자고? 내가 없으면 마니랑 재스는 어떻하고!#$b#나 대신 술냄새 나는 치킨맨은 어때?#$b#음, 내가 심했네.",
                "refusal_botherA": "너 이제 정말 짜증나기 시작했어...$5",
                "refusal_botherB": "가서 다른 사람 얼굴에 대고 흔들어. 오늘은 너랑 놀고 싶지 않아."
                        }
                    },
/*{   "Action": "EditData",
    "Target": "strings/schedules/MisterGinger",
    "When": {   "HasSeenEvent |contains=50706121":false  },
    "Entries": {
        "winter_15.000": "Mirrup!$4"
            }
    },
{   "Action": "EditData",
    "Target": "strings/schedules/MisterGinger",
    "When": {   "HasSeenEvent |contains=50706121":true  },
    "Entries": {
        "winter_15.000": "Hello @! Oh the sights, the sounds, the smell: That aroma of salt and fish, with a hint of coffee. Ah, delicious. !$4",
        //No, you cannot actually marry the cat! This is a back-up if you figure out how to make him a house mate.
        "marriage.000": "I'm not sure where she gets the energy. It's exhausting just watching her.",
        "marriage.001": "I don't wanna upset you, but Marnie's creamy feta's the best in the Valley. ",
        "marriage.002": "Bubble, bubble, toil and trouble... stopping by for a cure-all? ",
        "marriage.003": "There's lots of fish in here. I bet Jas knows all their names!",
        "marriage.004": "Hello @! Fancy seeing you here.$3",
        "marriage.005": "Oh, didn't expect to see you here, @! I wasn't sleeping - just resting my eyes!"
                }
            },*/
{	"LogName": "Dialogue 6-hearts - removes Ras references",
    "Action": "EditData",
    "Target": "Characters/Dialogue/MisterGinger",
    "Entries": {
        "MrG_Fairytales": "$p 910#개구리 왕자라는 동화 알아? 여신님에게 그 방법이 효과가 있을지 물었어...#$b#나를 보고 슬프게 미소짓더군. 그래서 대답이 'No'란 걸 알았지.$2|어이, 너는 나무에서 떨어질 때 두 발로 착지할 수 있나? 당연히 못하겠지! 이쪽이 더 우등한 종족이군.$4",
        "winter_Sun10": "여신님은 대부분 혼자 시간을 보내지만, 그녀가 숲에서 은둔자와 함께 있는 걸 본 적이 있어.#$b#라이너스 알지? 흙이랑 생선 냄새를 풀풀 풍기는 남자 말이야.",
        "Sun": "친구가 된다면 가장 유쾌할 인간은 숲과 친한 여자야. 뭘 끄덕거리고 있어, 너 말하는 거잖아, @. 유쾌하다. 그래, 더없이 유쾌하지.$1"
        },
    "When": {    "HasSeenEvent |contains=50706121":true,  "HasMod |contains=Ran.HarvestGoddess":true           }
            },
{	"LogName": "Dialogue Jas",
    "Action": "EditData",
    "Target": "Characters/Dialogue/Jas",
    "Entries": {
        "fall_Mon4": "언니, 미스터 진저 만나본 적 있어? 미스터 진저는 고양인데, 고양이보다 더 멋져. 내 친구야!",
        "fall_Mon8": "언니는 탑에 누가 사는지 알지? 그 사람, 마법사래.#$b#마니 이모가 절대 그 사람이랑 말하지 말랬지만... 탑 안에서 혼자 살면 분명 외로울 거야.#$b#미스터 진저가 가끔 탑에 가곤 해.",
        "winter_Mon10": "언니! 라스모디우스 씨는 막, 막 덤블도어만큼 강할까?$3#$b#어떻게 이름을 알았냐고? 미스터 진저가 말해줬어!$1#$b#오, 나도 '고양이는 말 못한다'는 거 알아. 하지만 미스터 진저는 단순한 고양이가 아니야.#$b#그럼 뭐냐고? 그건 비밀이야!"
            // "summer_Tue6": "Mr. Ginger loves me reading him stories. He really, really likes 'East of the Sun...'#$b#It's a fairy tale about a bear, only he isn't really a bear. He's enchanted!$1#$b#*giggles* Anyway, I just thought you should know! No reason!$4"
                }
            }
//Housemate dialogue not translated.
        
  ]
}