{
	"spring": "610 Custom_EastScarpeInn 43 10 0 square_5_1_0/0930 Custom_EastScarpeInn 45 27 2/1800 Custom_EastScarpe 17 121 2/2000 Custom_ES_InnRoomRosa 5 5 1",
	"winter_17":"610 Custom_EastScarpeInn 43 10 0 square_5_1_0/0930 Custom_EastScarpeInn 45 27 2/1500 Beach 30 36 2 \"Strings\\schedules\\Rosa:winter_17.000\"/2400 Custom_ES_InnRoomRosa 5 5 1",
	"Sat":"610 Custom_EastScarpeInn 43 10 0 square_5_1_0/1100 Custom_EastScarpe 23 109 2/1400 Custom_EastScarpe 57 41 2/1700 Saloon 36 20 1/2000 Custom_ES_InnRoomRosa 5 5 1",
	"summer": "610 Custom_EastScarpeInn 43 10 0 square_5_1_0/0930 Custom_EastScarpeInn 45 27 2/1800 Custom_EastScarpe 17 121 2/2000 Custom_ES_InnRoomRosa 5 5 1",
	"fall": "610 Custom_EastScarpeInn 43 10 0 square_5_1_0/0930 Custom_EastScarpeInn 45 27 2/1800 Custom_EastScarpe 17 121 2/2000 Custom_ES_InnRoomRosa 5 5 1",
	"winter": "610 Custom_EastScarpeInn 43 10 0 square_5_1_0/0930 Custom_EastScarpeInn 45 27 2/1800 Custom_EastScarpe 17 121 2/2000 Custom_ES_InnRoomRosa 5 5 1",
	"rain": "610 Custom_EastScarpeInn 43 10 0 square_5_1_0/0930 Custom_EastScarpeInn 45 27 2/1800 Custom_EastScarpe 17 121 2/2000 Custom_ES_InnRoomRosa 5 5 1"
}