{
    "Changes": [
        {
            "LogName": "firstChild Schedule ",
            "Action": "EditData",
            "Target": "Characters/schedules/{{Loe2run.ChildToNPC/FirstChildName}}",
            "Entries": {
                "Tue": "730 Town 54 69 0 child_twirl \"Strings\\schedules\\{{Loe2run.ChildToNPC/FirstChildName}}:town.003\"/1000 CommunityCenter 18 9 2 child_fidget \"Strings\\schedules\\{{Loe2run.ChildToNPC/FirstChildName}}:school.000\"/1400 Town 83 98 3 \"Strings\\schedules\\{{Loe2run.ChildToNPC/FirstChildName}}:town.001\"/1620 Town 16 90 3 \"Strings\\schedules\\{{Loe2run.ChildToNPC/FirstChildName}}:afterschool.000\"/1740 SamHouse 12 23 0 \"Strings\\schedules\\{{Loe2run.ChildToNPC/FirstChildName}}:samhouse.001\"/1900 {{Loe2run.ChildToNPC/FirstChildBed}} child_sleep",
            }
        }, 
        {
            "LogName": "firstChild Schedule ",
            "Action": "EditData",
            "Target": "Characters/schedules/{{Loe2run.ChildToNPC/SecondChildName}}",
            "Entries": {
                "Tue": "830 CommunityCenter 18 21 0 \"Strings\\schedules\\{{Loe2run.ChildToNPC/SecondChildName}}:school.000\"/1410 Town 100 100 2 child_fidget \"Strings\\schedules\\{{Loe2run.ChildToNPC/SecondChildName}}:garden.000\"/1530 Town 22 63 0 child_ball/1900 {{Loe2run.ChildToNPC/SecondChildBed}} child_sleep",
            }
        } 
    ]
}