{
    "Changes": [
        {
            "LogName": "Schedule",
            "Action": "EditData",
            "Target": "Characters/Dialogue/Rosa",
            "When": {
                "HasMod": "LemurKat.JulietHouse.NPC"
            },
            "Entries": {
                "cc_Complete": "I saw the JojaMart is all boarded up. What happened?#$b#I hope that doesn't mean Juliet's going to leave.$2",
                "summer_Tue": "Are you friends with Juliet? Now, there's a woman who knows her own mind!$1",
                "fall_Fri6": "Jules and I have been talking about a seance. Spooky time of year and all that.#$b#Do you want in on it?"
            }
        }
    ]
}