{
    "Changes": [
        {
            "Action": "EditMap",
            "Target": "Maps/Custom_ShearwaterBridge",
            "FromFile": "assets/Patches/ES_ShearwaterBridgestrip.tmx",
            "ToArea": {
                "X": 59,
                "Y": 14,
                "Width": 1,
                "Height": 12
            },
            "When": {
                "HasMod |contains=FlashShifter.StardewValleyExpandedCP": true
            }
        },
        {
            "Action": "EditMap",
            "Target": "Maps/Custom_EastScarpe",
            "MapProperties": {
                "Warp": "-1 70 Custom_ShearwaterBridge 59 19 -1 71 Custom_ShearwaterBridge 59 20 -1 72 Custom_ShearwaterBridge 59 21 -1 73 Custom_ShearwaterBridge 59 22 -1 74 Custom_ShearwaterBridge 59 23 79 48 Custom_ESOrchard 1 18 79 49 Custom_ESOrchard 1 19 73 -1 Custom_DeepMountains 60 61 74 -1 Custom_DeepMountains 60 61 75 -1 Custom_DeepMountains 60 61"
            },
            "When": {
                "HasMod |contains=FlashShifter.StardewValleyExpandedCP": true
            }
        },
        {
            "Action": "EditMap",
            "Target": "Maps/Custom_ShearwaterBridge",
            "MapProperties": {
                "Warp": "-1 19 Town 118 70 -1 20 Town 118 71 -1 21 Town 118 72 -1 22 Town 118 73 -1 23 Town 118 73 60 19 Custom_EastScarpe 0 70 60 20 Custom_EastScarpe 0 71 60 21 Custom_EastScarpe 0 72 60 22 Custom_EastScarpe 0 73 60 23 Custom_EastScarpe 0 74"
                // 60 24 Custom_EastScarpe 0 74 60 25 Custom_EastScarpe 0 74 60 26 Custom_EastScarpe 0 74"
            },
            "When": {
                "HasMod |contains=FlashShifter.StardewValleyExpandedCP": true
            }
        },
       /* {
            "Action": "EditMap",
            "Target": "Maps/Town",
            "TextOperations": [
                {
                    "Operation": "Append",
                    "Target": [
                        "MapProperties",
                        "Warp"
                    ],
                    "Value": "120 70 Custom_ShearwaterBridge 0 20 120 71 Custom_ShearwaterBridge 0 20 120 72 Custom_ShearwaterBridge 0 20 120 73 Custom_ShearwaterBridge 0 20 120 74 Custom_ShearwaterBridge 0 20",
                    "Delimiter": " "
                }
            ],
            "When": {
                "HasMod |contains=FlashShifter.StardewValleyExpandedCP": true
            }
        },*/
        {
            "Action": "EditMap",
            "Target": "Maps/Custom_EastScarpe",
            "FromFile": "assets/Patches/GrampletonPatch.tmx",
            "ToArea": {
                "X": 70,
                "Y": 32,
                "Width": 10,
                "Height": 5
            },
            "When": {
                "HasMod |contains=flashshifter.GrampletonFields": true,
                "HasMod |contains=FlashShifter.StardewValleyExpandedCP": true
            }
        },
        {
            "Action": "EditMap",
            "Target": "Maps/Custom_GrampletonFields",
            "MapTiles": [
                {
                    "Position": {
                        "X": 1,
                        "Y": 110
                    },
                    "Layer": "Back",
                    "SetProperties": {
                        "TouchAction": "LoadMap Custom_EastScarpe 78 33"
                    }
                },
                {
                    "Position": {
                        "X": 1,
                        "Y": 111
                    },
                    "Layer": "Back",
                    "SetProperties": {
                        "TouchAction": "LoadMap Custom_EastScarpe 78 34"
                    }
                },
                {
                    "Position": {
                        "X": 1,
                        "Y": 112
                    },
                    "Layer": "Back",
                    "SetProperties": {
                        "TouchAction": "LoadMap Custom_EastScarpe 78 35"
                    }
                }
            ],
            "When": {
                "HasMod |contains=flashshifter.GrampletonFields": true,
                "HasMod |contains=FlashShifter.StardewValleyExpandedCP": true
            }
        },
        // H E R B E R T
        {
            //Adds patch for Town East so you can access Herbert if they are both loaded
            "Action": "EditMap",
            "Target": "Maps/Town",
            "FromFile": "assets/Patches/EastScarpeEntrance-SVE.tmx",
            "ToArea": {
                "X": 100,
                "Y": 91,
                "Width": 20,
                "Height": 8
            },
            "When": {
                "HasMod |contains=tiger.herbmapss": true
            }
        },
        {
            "Action": "EditMap",
            "Target": "Maps/Town",
            "MapTiles": [
                {
                    "Position": {
                        "X": 119,
                        "Y": 93
                    },
                    "Layer": "Back",
                    "SetProperties": {
                        "TouchAction": "LoadMap Custom_TownEast 2 20"
                    }
                },
                {
                    "Position": {
                        "X": 119,
                        "Y": 94
                    },
                    "Layer": "Back",
                    "SetProperties": {
                        "TouchAction": "LoadMap Custom_TownEast 2 20"
                    }
                },
                {
                    "Position": {
                        "X": 119,
                        "Y": 95
                    },
                    "Layer": "Back",
                    "SetProperties": {
                        "TouchAction": "LoadMap Custom_TownEast 2 20"
                    }
                }
            ],
            "When": {
                "HasMod |contains=tiger.herbmapss": true
            }
        },
        {
            "Action": "EditMap",
            "Target": "Maps/Town",
            "FromFile": "assets/Patches/TownHerbert-SVE.tmx",
            "ToArea": {
                "X": 112,
                "Y": 95,
                "Width": 8,
                "Height": 9
            },
            "When": {
                "HasMod |contains=FlashShifter.StardewValleyExpandedCP": true,
                "HasMod |contains=tiger.herbmapss": true
            }
        },
        {
            "Action": "EditMap",
            "Target": "Maps/Town",
            "TextOperations": [
                {
                    "Operation": "Append",
                    "Target": [
                        "MapProperties",
                        "Warp"
                    ],
                    "Value": "120 100 Herbertsproperty 0 30 120 101 Herbertsproperty 0 30",
                    "Delimiter": " "
                }
            ],
            "When": {
                "HasMod |contains=FlashShifter.StardewValleyExpandedCP": true,
                "HasMod |contains=tiger.herbmapss": true
            }
        },
        {
            "Action": "EditMap",
            "Target": "Maps/Herbertsproperty",
            "MapProperties": {
                "Warp": "-1 30 Town 119 100 -1 31 Town 119 101"
            },
            "When": {
                "HasMod |contains=tiger.herbmapss": true,
                "HasMod |contains=FlashShifter.StardewValleyExpandedCP": true
            }
        }
    ]
}