 { "Entries": {
 
    "Mon2": "Hi, Mr. @.^Hi, Ms. @.#$e#It's fun to live on a farm.$h",
    "Mon4": "We've got lots of neat animals at the farm, you should come meet them sometime!",
    "Mon6": "I drew a chicken for Uncle Shane. He says maybe I could be an artist one day.",
    "Mon8": "",
    "Mon10": "Are you friends with my Uncle Shane? He used to make be really funny, but then he went away, and when he came back he was super-sad, and quiet.#$b#I miss that Uncle Shane.",
    "Tue4": "Hello Mr. @^Hello Ms. @. *giggles*#$b#This is Suzette, she's my bestest doll. Uncle Shane got her from Zuzu.",
    "Wed6": "Mister Ginger comes over at night to see me.#$e#He chases the scary dreams away.",
    "Wed8": "I had a nightmare last night, of a dark shadow-prince with eyes filled with nothing.#2#$b#Aunt Marnie says I stayed up too late reading, but I dunno... Do you think he could be real?$3",
    "Wed10": "The shadow-prince was in my dreams again. He stares at me with his hollow eyes.#$b#Then he smiles, and he has a lot of teeth.$2#$q 997/998 ShadowPrince#How can I make him go away, Mr. @?^How can I make him go away, Ms. @?#$r 997 25 ShadowPrince_Talk#You could try talking to him. Maybe he just _looks_ scary.#$r 997 25 ShadowPrince_NewEnd#Imagine something funny happening to him. That might help?#$r 998 -25 ShadowPrince_Stop#Stop reading late at night. You've got an overactive imagination.", 
        "ShadowPrince_Talk": "Hmm, maybe he's just frightened and it's made him fierce! Like the half-wild horse we rescued the other day.$3",
        "ShadowPrince_NewEnd": "Like have custard fall on his head or something? *giggles* That might work.$1",
        "ShadowPrince_Stop": "Having an imagination is a good thing, NOT a bad thing!#$b#Why are you being so rude?",
        "ShadowPrince": "$p 997#The shadow-prince came back, and I tried what we planned! He isn't so scary.$3#$b#He's just sad, and a bit lonely. Loneliness hurts people's hearts, you know.$4|*Yawn* I can't sleep, Mr. @.$2^*Yawn* I can't sleep, Ms. @.$2#$b#Aunt Marnie says I might have to talk to a psycho-ologist. I don't wanna!$3",
    "Thu4": "Can you help me with this math problem, please, Mr. @?^Can you help me with this math problem, please, Ms. @?#$q 995/996 MathProblem#3 + 12 x 2 =?#$r 995 25 MathProblem_Right#27#$r 996 5 MathProblem_Wrong#30#$r 996 -25 MathProblem_NoAnswer#I'm not doing your maths problems for you!",
        "MathProblem_Right": "Are you sure? I got 30... Oh, order of operations! of course! Thank you.$1",
        "MathProblem_Wrong": "That sounds right... but I seem to remember there was something weird with maths...#$b#Um, don't I have to do the multiplication first?...$3",
        "MathProblem_NoAnswer": "Oh, you're not being very nice...$3",
    "Thu6": "We did a national literacy test today with Miss Penny. I got 93%!$1#$b#Vinny only got 43%. He says words are boring, but words aren't boring. Words are _important_!",
    "Thu8": "Vinny's fun to play with, but he has trouble with reading and stuff. So I have to help him a lot.#$b#He says the letters shuffle themselves up on the page, and don't make any sense.$3",
    "Thu10": "Miss Penny asked me what I wanted to be when I grew up, and I'm not sure!#$b#$q 993/994 FutureJob# What did you think I should b e, Mr. @^What do you think I should be, Ms. @?#$r 993 50 FutureJob_Vet#A veterinarian! Animals really trust you.#$r 994 50 FutureJob_Explore#An explorer! You could discover secret treasure.#$r 994 30 FutureJob_Teach#A teacher! Since you love books.$r 994 -50 FutureJob_Desk#A secretary! You'd be great at scheduling appointments and taking phonecalls.",
        "FutureJob_Vet": "Thanks! That's a great idea. I love animals, and I'd love to help them get better.$1",
        "FutureJob_Explore": "Oh! I'm not brave enough for that, but maybe if Mister Ginger came along too.$3",
        "FutureJob_Teach": "I dunno. I love books, but helping Vinny is super-hard, I don't think I'd be as good as Miss Penny.$3",
        "FutureJob_Desk": "No way! That sounds really boring.$3",
        "FutureJob": "$p 993#I told Miss Penny what you said, and she thinks that I'd be a great vet! We made a list of all the subjects I need to study.$1#$b#I'm excited to learn biology and chemistry, but I'm not so good at math.$3|Miss Penny and me talked about what subjects I should study next year. I wanna learn biology, and English, but I don't wanna take math!#$b#Vinny wants to learn chemistry, cos he likes making weird smells and explosions and stuff.$3",
    "Fri6": "",
    "Fri8": "Uncle Shane went to live in the city once, and it made him grumpy and sad.$2#$b#I hope I can live in the Ranch _forever_!$1",
    "Sat4": "You're always so nice to me, Mr. @$h^You're always so nice to me, Ms. @.$h#$e#Grown-ups are usually mean and boring, but you're different.",
    "Sat6": "",
    "spring_Sat8": "Aunt Marnie didn't believe me when I told her about the Ju... the Ju-nim-o.#$e#She said she did, but I could see she was just pretending.#$e#You believe me though, don't you, Mr. @?^You believe me though, don't you, Ms. @?",
    "spring_Sat10": "$1 Calf#Belinda had her baby calf! She's called Daisy and she's super-cute.$1|We got some orphaned lambs in from Fairview! Aunt Marnie and me have to bottle-feed them every two hours!$3",
    "Sun4": "Have you seen my dollhouse? My mom used to play with it when she was a little girl.",
    "Sun6": "My toys have lots of adventures, and one day I hope to have adventures of my own!#$e#Aunt Marnie says I'm not allowed to until I'm all grown up though.$1",
    "Sun8": "Have you read 'The Secret Garden', Mr. @?^Have you read 'The Secret Garden', Ms. @?#$b#It's about a girl, and a wild boy, and a sickly boy. And there's a garden!$1#$b#Aunt Marnie let me plant some flowers in a garden of my own. Only... it's not so secret.",
    "spring_23": "The flower dance is tomorrow! I love how pretty the flower glade looks!$1#$b#Are you going to dance, Mr @?^Are you going to dance, Ms. @?$3#$b#",
    "spring_25": "Vinny wants to be Flower Queen one day, but his mom says that he can't, because he's a boy.$3#$e#That seems mean. Why can't a boy be the Flower Queen?$3",
    "summer_14": "I'm going to look for birds at the beach today.#$b#Miss Penny says sometimes the flaming-goes stop here to feed before they migrate across the Gem Sea.$1",
    "summer_Mon4": "",
    "summer_Mon6": "",
    "summer_Mon8": "Uncle Lewis always talks to me like I'm a little kid.#$b#I'm glad you don't talk to me like that, Mr. @^I'm glad you don't talk to me like that, Ms. @.$4",
    "summer_Tue6": "I got out a book on 'Birds in Stardew Valley', but all I've seen all summer is a woodpecker...#$b#Miss Penny says that lots are migratory, and they have a summer vacation on the Gem Sea isles.",
    "summer_Wed6": "I found a book about the Junimo, by a man called Mr. Jasper.#$b#Did you know they can change color? Like chameleons!$1",
    "summer_Thu6": "We went to the beach today! It's fun hanging out with Vinny and Sam.#$e#He always lets us have an ice cream and never says it'll spoil our dinner!$1",
    "summer_Thu10": "Hello Mr. @! I earned some money for feeding the chickens.^Hello Ms. @! I earned some money for looking after the chickens.#$b#So I bought you an ice cream! I didn't know what flavour you liked, so I got you my favourite.[233]",
    "summer_Fri6": "I love the library. Miss Penny lets me read any story I like.$1#$e$Not like Aunt Marnie. She says I'm too young to read *her* books.$3#$e#There's too much kissing in them, anyway. They're boring.$1",
    "summer_Sat6": "$q 991/992 Caves#You go into the caves, don't you, Mr. @?^You go into the caves, don't you, Ms. @?#$r 991 10 Caves_Yes#All the time! They're fun and exciting.#$r 991 0 Caves_Dangerous#Yes, but they're really dangerous.#$r 992 25 Caves_NoBrave#No, I'm not brave enough for that, I'd rather tend my crops and look after the animals.",
        "Caves_Yes": "Wow, really! I've heard they're filled with deadly monsters. You must be really brave!$1",
        "Caves_Dangerous": "That's what Aunt Marnie says too. My parents used to explore the caves too. Aunt worries I might go into them too, but I'm not brave enough. Not yet, anyway!$4",
        "Caves_NoBrave": "I'm not brave enough either, Mr. @.^I'm not brave enough either, Ms. @.$1",
        "Caves": "$p 991#I found this in the bottom of my closet. It belonged to my mom. It might be good for the caves.$1[531]|Are there any baby animals on your farm? Can I come over and play with them?",
    "summer_Sat10": "$1 Wumpus#Uncle Shane took me to see the Wumbus movie. It was really, really, really good!#$e#Will you take me to the movies one day, Mr. @?^Will you take me to the movies one day, Ms. @?|**enter something here**",
    "fall_18": "Me and Uncle Shane made a pink cake for Aunt Marnie's birthday.$1#$e#I think we did something wrong though, cos it exploded! Aunt wasn't very happy...$3",
    "fall_Mon4": "Have you met Mister Ginger? He's sort of a cat, but also more than a cat. He's my friend!",
    "fall_Mon8": "You know the man in the tower? He's a wizard.#$b#Aunt Marnie told me I shouldn't talk to him, but he must be lonely, living in that tower all by himself.#$b#Mister Ginger visits him sometimes.",
    "fall_Wed6": "I'm not scared of the dark anymore, I'm not!#$b#But sometimes I hear things outside at night...$3",
    "fall_Thu4": "I went into the closet looking for a magic door.#$b#But all I found was a box of dusty old love letters.$3",
    "fall_Thu6": "Have you read this book, Mr. @?^Have you read this book, Ms. @?#$b#It's about wizards and magic, and it's really, really, really good.",
    "fall_Thu8": "Don't tell Aunt Marnie, but I stayed awake super-late last night reading.$4#$b#I had to know if Hazel was gonna be alright. He was, so it was okay!$1",
    "fall_Fri4": "Did you know how Pelican Town got its name, Mr. @?^Did you know how Pelican Town got its name, Ms. @?#$b#It's 'cos explorers found bones of a giant bird called a Pelagorni-thingy.#$e#I learned that from a book. Books tell us lots of things.",
    "fall_Sun6": "The lady in the cart? She comes from the Gotoro Empire, and Vinny's dad fought against them.#$b#$q 989/990 GotoroWar#Why must we fight them, Mr. @?^Why must we fight them, Ms. @?#$r 989 -10 GotoroWar_Resources#Because they have things we need!#$r 989 -25 GotoroWar_Bad#Because they're bad people, and they need to be destroyed.#$r 990 50 GotoroWar_Peace#I wish we could find peace with them.",
        "GotoroWar_Resources": "But that's not right! That's stealing! We could just ask them nicely, or offer them something they need in swapsies!$3", 
        "GotoroWar_Bad": "But the cart lady's really nice! She's always got time to talk to me. I don't think they can _all_ be bad!$2",
        "GotoroWar_Peace": "Me too. If the leaders had a tea party with hot chocolate and cookies, and talked about things - like Miss Penny makes us do when we fight - everything would be okay.$3",
        "GotoroWar": "$p 989#I asked Aunt about the war. She said the leaders are like roosters who fight each other to impress the hens, not caring if they hurt any chicks along the way.$2#$b#Except that instead of fighting each other, they make others bleed and die for them.$3#$b#It's not right. I wish someone nice was in charge!$2|Vinny wanted to borrow my sparkly silver pencil. I didn't wanna lend it, cos he presses too hard.#$b#Miss Penny made us sit down and talk about it, then we said something nice about the other person.$3#$b#And just like that, we were friends again!$1",
    "winter_Mon4": "Aunt Marnie says Ebony is a void chicken, but the void is evil, isn't it? Ebony's not evil!#$b#Well, she maybe pecked me once - but I was trying to take her egg.$4",
    "winter_Mon10": "Do you think Mr. Rasmodius is anything like Chrestomanci$3?#$b#How do I know his name? Mister Ginger told me!$1",
    "winter_Tue6": "Have you been in the caves, ",
    "winter_Tue10": "I wish Aunt Marnie would talk about my mom. But when I ask, she makes a super-sad face.#$e#I think it must hurt Aunt lots to remember her.$2",
    "winter_Wed4": "",
    "winter_Thu6": "So, I figured it out! I'm in Ravenclaw, and Vinny's in Hufflepuff.$3#$b#$q 987/988 HogwartsHouse#What House are you, Mr. @?^What House are you, Ms. @?#$r 987 10 HogwartsHouse_Gryff#Gryffindor, of course!#$r 987 10 HogwartsHouse_Sly#Slytherin, what else?#$r 987 10 HogwartsHouse_Huff#Hufflepuff, the best House!#$r 987 20 HogwartsHouse_Raven#I'm Ravenclaw too!#$r 988 -25 HogwartsHouse_null#That nonsense is just for kids.",
        "HogwartsHouse_Gryff": "I knew it! You're always having adventures!$1",
        "HogwartsHouse_Sly": "*shivers* Well, if you are, you're a _nice_ Slytherin!$3",
        "HogwartsHouse_Huff": "You're always working hard and helping people, so that makes sense!$1",
        "HogwartsHouse_Raven": "Yay! We can read books and learn stuff together!$1",
        "HogwartsHouse_null": "Oh... Well, I am a kid and I'm allowed to like it if I want to. *pouts*$3",
    "HogwartsHouse": "$p 987#How's your defence against the dark arts going, Mr. @? Defeated any monsters lately? *giggles*^How's your defence against the dark arts going, Ms. @? Defeated any monsters lately? *giggles*$1|What are you reading at the moment, Mr. @?^What are you reading at the moment, Ms. @?",
    "winter_Fri6": "I showed Leah one of my pictures today. She said it was really good.#$e#What do you think, Mr. @?^What do you think, Ms. @?",
    "spring_Mon_inlaw_Shane": "Uncle Shane's taught me heaps about looking after chickens.#$b#We've got lots of baby chicks this year!$1",
    "spring_Fri_inlaw_Shane": "Can I come over and visit you sometime? I'd love to play with your animals!$1#$e#You have given them names, haven't you? Names are important!$4",
    "summer_Tue_inlaw_Shane": "I drew you a picture, Mr. @.^I drew you a picture, Ms. @.$2#$e#It's you and Uncle Shane and pet - and lots and lots of chickens, of course!$1",
    "winter_Tue_inlaw_Shane": "Uncle Shane used to be sad and grouchy and never wanted to spend time with me.#$b#I'm so glad you came along to help make him better!",
    "summer_4": "Today's my birthday, I know you won't have forgotten!$4" 
    
    }
}