{
    "Changes": [
        {
            "Action": "EditData",
            "Target": "Data/Festivals/winter8",
            "TextOperations": [
                {
                    "Operation": "Append",
                    "Target": [
                        "Entries",
                        "Set-Up_additionalCharacters"
                    ],
                    "Value": "OliverK 83 51 2",
                    "Delimiter": "/"
                }
            ],
            "When": {
                "HasSeenEvent |contains=57873005": false
            }
        },
        {
            "LogName": "Ice Festival Dialogue",
            "Action": "EditData",
            "Target": "data/festivals/winter8",
            "Entries": {
                "OliverK": "Hi @! Yeah you guessed it, I'm hiding from my Mom.$2#$b#'Sides, this island's pretty cool. I wonder how deep the water is...$5"
            },
            "When": {
                "HasSeenEvent |contains=57873005": false
            }
        },
        {
            "LogName": "Ice Festival Dialogue",
            "Action": "EditData",
            "Target": "data/festivals/winter8",
            "Entries": {
                "OliverK": "Hi @! Yeah, Ellie wanted to tag along with me.#$b#I don't mind, she's cool. And it's kinda like having a kid sister.$1",
                "Eloise": "Hey Olly! I think I saw a lingcod. I hope it doesn't gobble up all the other fish!$3"
            },
            "When": {
                "HasSeenEvent |contains=57873005": true
            }
        },
        {
            "Action": "EditData",
            "Target": "Data/Festivals/winter25",
            "TextOperations": [
                {
                    "Operation": "Append",
                    "Target": [
                        "Entries",
                        "Set-Up_additionalCharacters"
                    ],
                    "Value": "OliverK 36 72 0",
                    "Delimiter": "/"
                }
            ]
        },
        {
            "LogName": "Winter Star Dialogue",
            "Action": "EditData",
            "Target": "data/festivals/winter25",
            "Entries": {
                "OliverK": "Hey @. Yeah, Dad couldn't make it... he's helping out with some charity in Zuzu.$2#$b#Still, the food's good, and Dr. Jacob said I could join him, so it's cool. Literally.$1"
            }
        },
        {
            "Action": "EditData",
            "Target": "Data/Festivals/spring13",
            "TextOperations": [
                {
                    "Operation": "Append",
                    "Target": [
                        "Entries",
                        "Set-Up_additionalCharacters"
                    ],
                    "Value": "OliverK 29 92 0",
                    "Delimiter": "/"
                }
            ]
        },
        {
            "LogName": "Egg Festival Dialogue",
            "Action": "EditData",
            "Target": "data/festivals/spring13",
            "Entries": {
                "OliverK": "Hey there! I'm totally just here for the food. And this eggnog! It's wicked-good. You should try some.#$b#What do you mean I shouldn't be drinking it? Why? What's wrong with it?$4#$b#Oh... Please don't tell Mom, okay?$2"
            }
        },
        {
            "Action": "EditData",
            "Target": "Data/Festivals/spring24",
            "TextOperations": [
                {
                    "Operation": "Append",
                    "Target": [
                        "Entries",
                        "Set-Up_additionalCharacters"
                    ],
                    "Value": "OliverK 49 18 1",
                    "Delimiter": "/"
                }
            ]
        },
        {
            "LogName": "Ice Festival Dialogue",
            "Action": "EditData",
            "Target": "data/festivals/spring24",
            "Entries": {
                "OliverK": "Nah, I'm not hiding! I'm the welcoming committee!#$b#Yeh, I volunteered for the job, if only to get out of the dancing!$1"
            }
        },
    ]
}