 {  "Introduction": "Hello, @. I'm pleased to meet you.#$b#My name's Jasper, and I too, am newly returned to town.$1",
	"Mon": "The soil of the Valley is very fertile. Your farm should flourish.",
	"Tue": "Oh, is that the time? Once again, I've forgotten to eat.$2",
	"Wed": "Gunther permits me to stay at the library.#$b#It's a tiny apartment, but I'll never run out of something to read!$1",
	"Thu": "There is more to this world than meets the eye, @.$1",
	"Fri": "Hidden treasures lurk beneath the soil. Watch for wriggly brown stems.#$b#That's the valley's way of revealing her secrets to you.",
	"Sat": "A brisk walk does wonders for refreshing my motivation.",
	"Sun": "Have you ventured into the caves yet, @?#$b#Be careful! They hold many dangers for the unwary adventurer.$2",
	"Tue2": "Have you met many of the villagers yet, @?#$b#Me? No, I have not. I prefer to hover on the outskirts.",
	"Sat2": "It's good to catch up with my friends on the weekend, and Gil has many tales to tell.#$b#If you can catch him awake, that is!$4",
	"Mon2": "It's so peaceful here: the whisper of the wind in the trees, the birds calling to one another.#$b#It feels as though the rest of the world is far away.$1",
	"Tue4": "Sorry if I seem a little out of sorts. Last night, nightmares plagued my dreams.",
	"Thu4": "The caves of Stardew Valley are unique, it is almost as though they are alive.$1",
	"Fri4": "I found this while I was exploring the caves.[80 84 86]#$b#I thought you might find it useful, @.$4",
	"Sat4": "Indeed yes, officially I am a professor. But Professor Jasper makes me sound so old!$3#$b#And my teaching career... well, let's just say it appears to have came to an abrupt conclusion.$2",
	"Mon6": "I lived for a time with the goblins in the Bluemire Hills. My, did they make for raucous room-mates!$3",
	"Tue6": "I grew up here, in Pelican Town, my father worked as a miner.... That was before...before the explosion. Before the fires.#$b#My mother and I moved to Grampleton soon after. My father's career became his tomb.",
	"Wed6": "For years I let research rule my life, @. Now I wonder what I have missed out on.",
	"Fri6": "Sometimes when I delve beneath the earth, I wonder how it must've been for my father - and the other 36 good men.#$b#Alone in the dark and dust, with little hope that they would ever see the sky again.$2",
	"Mon8": "I am afeared I am an exile, @. It appears few are as open-minded as you, my friend.",
	"Tue8": "Thank you, @. You have never judged me, nor scorned my ideas, and you are truly my dearest friend.$3",	
	"spiritquest_Yes": "You do? I am so glad, @! I knew that you were special the first time we met.$3",
	"spiritquest_Neu": "Indeed, yes I am, @. But being a scientist does not mean locking yourself behind a wall of cold, hard logic.#$b#You must also keep your mind open to other possibilities.",
	"spiritquest_No": "Oh...That is most regretful.#$b#Sorry to bother you with my little eccentricities.$2",
	"spiritquest_followup": "$p 50700437#I have spoken with the forest spirits, and they think of you as 'friend'.$1|I trust that you are enjoying your day, @?",
	"spring_Thu_1": "I came here to study the caves, but Joja found it first.$5#$b#I fear they shall awaken things best left to rest.",
	"spring_12": "There is an egg hunt tomorrow, I hear. Alas my schedule does not permit such frivolities.",
	"spring_23": "I've received an invite to a dance tomorrow. I do not think I shall be attending.#$b#Groups of people make me uncomfortable.",
	"summer_Mon2": "Gunther kindly agreed to carry several of my publications.#$b#'Mysteries of the Dwarves' is still a project-in-progress, however!$3",
	"summer_Tue2": "Stardew Valley holds many secrets. It's my goal to unearth them.$3#$b#Unearth? Get it? No? ... $4",
	"summer_Wed2": "There are many rare minerals to be found here, @. So many, and such an assortment, you cannot but feel there is more than science at work.$3",
	"summer_Wed4": " Professor Peasbottom? Oh, how that name sends cold chills down my spine.$5#$b#Professor? Why, I feel his PHD was obtained from the bottom of a cereal box!^Professor? Why I feel her PHD was obtained from the bottom of a cereal box!$1",
	"summer_Thu2": "The geological make-up of this area indicates trauma in its history.#$b#Perhaps an earthquake? Although I tentatively suggest, it appears more as a strike from outside rather than within.",
	"summer_Fri4": "The stars, the earth... they are all connected, @.",
	"summer_Mon6": "My father was a miner, @. The caves call to me, the same way they called to him.#$b#They claimed his life, in the end. And one day, I fear they shall claim mine.",
	"summer_Tue6": "To present before an audience and hold them captivated is a treat, @.#$b#But to see the laughter in their eyes, and hear mockery in their words... why that is my nightmare.$2",
	"summer_Wed6": "Growing up, my mother always commented that I was sensitive. She did not intend it to be an insult - although the other boys teased me mercilessly.#$b#No, she meant that I was in tune with the world around me, sensitive to the life that shares our world.",
	"summer_Wed8": "We were colleagues once, you know, Peasbottom and I. I even dared consider him my friend.^We were colleagues once, you know, Peasbottom and I. I even dared consider her my friend.$2#$b#Then, alas, everything changed. And now I fear he is determined to destroy my reputation.^Then, alas, everything changed. And now she is determined to destroy my reputation.$5",
	"summer_Fri6": "$1 Peasbottom1#I received a note from Peasbottom yesterday, disputing my research. Oh, but he drives me insane.^I received a note from Peasbottom yesterday, disputing my research. Oh, but she drives me insane.$k#$e#I am sure Peasbottom has it in for me, @. But what can I do about it?",
	"summer_10": "A good friend insisted that I keep them company at the luau tomorrow.$3#$b#But what have I to contribute to the soup, @? I rather doubt that cave carrots would be appreciated.$2",
	"summer_12": "I hope that you enjoyed the frivolities yesterday, @.#$b#Myself? I found I ate too much. Social events draw me uncomfortably to the buffet table.#3",
	"summer_28": "Are you bearing witness to the annual migration of the jellyfish tonight?#$b#They seem such insubstantial creatures, yet pack quite the venomous punch.",
	"fall_Wed6": "$q 5070433/5070434 DwarfQuest#I trust your judgment, @. Do you think I'll ever find the dwarves?#$r 5070433 25 Dwarf_Yes#Of course you will!#$r 5070433 0 Dwarf_Maybe#Maybe the dwarves don't want to be found?#$r 5070434 -50 Dwarf_No#No, your theories are ridiculous.",
		"Dwarf_Yes": "Thank you for your faith in me, @. I hope it is not misplaced.",
		"Dwarf_Maybe": "I had not considered that possibility, but it does make sense.#$b#For we humans are known for interfering where we should not.",
		"Dwarf_No": "You're almost as bad as Professor Peasbottom! And that is a most heinous insult indeed!$5",
	"DwarfQuest": "$p 5070433#I cannot help but feel that the dwarves are my destiny, @. I must seek them, find them, and restore my reputation.|I have considered carefully your words. But I cannot abandon my studies, @. I must find the dwarves, if the dwarves are to be found.",
	"fall_15": "I hear there is some sort of festival on tomorrow, a fair, yes?#$b#I'm not sure I enjoy that kind of thing, @. But I hope you have fun.",	
	"fall_Mon4": "$1 Jasper_LaughingStock#'Professor or clown? Preposterous Professor Thomas nosedives again'. Oh, @, the ZuCU gazette arrived today.#$b#It appears i'm still the laughing stock.$5$k#$e#The academic community have very little respect for those who think outside the box, @.",
	"winter_Mon": "In winter the earth slumbers. It's a good time to delve below the surface.",
	"winter_Mon2": "You know, we've been tricked into believing the value of diamonds.#$e#I still like them though; no other gem truly captures the multi-faceted sparkle!$4",
	"winter_Wed2": "I'm bleeding? Oh, it's just a scratch.#$b#I had an unfortunate altercation with a rock crab.$2",
	"winter_Tue8": "Before you, dear @, I never had much in the way of friends.#$b#I am grateful to you for welcoming me into your life.",
	"winter_Thu4": "Pelican Town has known her share of tragedies, @. Did you know it was once a thriving mining village?#$b#A small fortune in gemstones were collected from these depths.",
	"winter_Fri6": "My father  felt the call of the depths, found tranquility in the solitude of the caves.#$b#It claimed him, @. The mines swallowed him whole.",
	"winter_Wed4": "There is a stillness about winter, @. A peace, when the world is at slumber, eagerly anticipating the spring.$1",
	"winter_Sat6": "During winter, what is real and unreal creeps closer to the surface.#$b#And the void finds its way to corrupt people's hearts.",

	"Write_Yes": "I feel yes, that you are right. It must have taken courage, and that is not the way of a rival...#$b#No, it is more the way of... a friend.",
	"Write_Maybe": "Thank you, @. Your advice is, as always, carefully considered.",
	"Write_No": "He has reached out to me, @. Surely he deserves a chance.^She has reached out to me, @. Surely he deserves a chance.",
	"Write_Cameron":  "I considered your words carefully, @, and have decided Peasbody deserves a chance.#$b#There is too much enmity in this world.",
	
	


	//Miss Coriel's Unique Dialogue and reponses
	"give_flowersA": "You're giving me flowers? That's very swe-$1#$b#Wait! This is one of Pierre's bouquets. You mean... you actually wish to date me?#$b#Of course, yes!$4",
	"give_flowersB": "Oh, @. I mean, I knew my feelings for you were... well, deeper than the caverns.$1#$b#But that you feel the same? Well, I'm quite flabbergasted!$4",
	"give_pendant": "You really want to tie yourself to a dour old man like me?#$b#I'm honored. Truly honored. Please, let me organize everything. It shall all be ready in three days.",
	"stardrop_gift": "You, my love, are a gift from the stars.#$b#Thus I present you with this, a small shard from the heavens and a token of my heart.$4",
	"reject_two_heartA": "Flowers? Why? What do they mean? We barely even know each other.$2",
	"reject_two_heartB": "Please, take those away. This is awkward.$2",
	"reject_four_heartA": "I know that we've become friends, @. But this... I mean... sorry. No.$5",
	"reject_four_heartB": "I appreciate your offer, @. And don't think I'm not flattered.$2#$b#But you should not rush into things. It'll only get you into trouble.$2",
	"breakUp": "I understand. But please, let us remain friends.$2",
	"engageA": "Are you not already engaged?$2#$b#I admired you, @, please don't blacken my opinion.$4",
	"engageB": "I feel this is not appropriate conduct. Please, do not be so quick to betray your betrothed.$4",
	"marriedA": "Oh, call me old fashioned, but I do not feel this is appropriate behaviour.$2",
	"marriedB": "I care for you, @, but the bonds of marriage are sacred. It saddens me that you would make a mockery of them.$4",
	"refusal_no_heartsA": "Err, I feel you are, perhaps, ignorant of our local traditions?$2",
	"refusal_no_heartsB": "Do you even understand what this is? It is to be given to one you truly love, not a stranger.",
	"refusal_knownA": "Can we not just remain friends, @? Surely you would not wish to burden yourself with someone like me?$4",
	"refusal_knownB": "I'm married to my research, @. You'd best turn your sights elsewhere.",
	"refusal_botherA": "Your tenacity is to be admired. But I'm afraid the answer is still 'no'.$2",
	"refusal_botherB": "Please, @, cease. You're embarrassing yourself.$5",

	//Location-specific Dialogue
	"Town_50_22": "$d CC#When I was a child, this was the heart of the community. I'm pleased to see it flourish once more.#$b#Thank you, @, you have done so much for this town.|WhenI was a child, this was the heart of the community.#$b#Now it plays host to a different kind.$1#$b#They are in there, @. I can hear them.#$b#But they dare not show themselves to me.$2",
	"Mine_24_11": "See this strata here, @? The complexity of it intrigues me.#$b#Its layers are indicative of a cataclysmic event many centuries ago.#$b#Perhaps an eruption, but I feel, more likely a meteroid strike.#$b#Oh, I'm sorry, I'm rambling again aren't I?",
	"JojaMart": "I know, I know, I am supporting a corporate monster. But that Pierre fellow... well... he asks too many questions - and not the kind I enjoy answering!$4#$b#And here? Well, no-one cares.$1",
	"Seedshop": "I don't know about you, @, but I always feel I'm being judged when I enter here.#$b#Judged, and found wanting.$2",
	"Forest_Tue": "There is a presence lurking in Cindersap. Can you feel it, @?#$b#It has the taint of the void about it, but something more... something brighter. Like Yoba's light.",
	"Museum2_Mon": "Gunther and I have been discussing a collaboration. He has studied the history of the valley's humans, whereas my focus has been on the demi-humans.",
	
}
