{
    "rain": "700 LodgingHouse 19 17 0 Gremlin_sit/1100 LodgingHouse 3 15 0 Gremlin_sleep/1300 ClearingHouse 19 19 1 square_3_3/1600 LodgingHouse 19 17 0 Gremlin_sit/2300 LodgingHouse 29 7 2 Gremlin_sleep",
    "spring": "620 LodgingHouse 19 17 0 Gremlin_sit/700 Town 81 50 0 square_4_4/1500 Town 90 52 2 Gremlin_sit/1700 Town 28 18 1 square_3_3/2400 LodgingHouse 29 7 2 Gremlin_sleep",
    "Fri": "700 LodgingHouse 19 17 0 Gremlin_sit/900 ClearingHouse 19 19 1 square_3_3/1310 Beach 43 35 2/1800 Saloon 42 22 3/2400 LodgingHouse 29 7 2 Gremlin_sleep",
    "Sat": "700 LodgingHouse 19 17 0 Gremlin_sit/900 ClearingHouse 19 19 1 square_3_3/1310 Beach 43 35 2/1800 Saloon 42 22 3/2400 LodgingHouse 29 7 2 Gremlin_sleep",
    "Sun": "700 LodgingHouse 19 17 0 Gremlin_sit/900 ClearingHouse 19 19 1 square_3_3/1500 Town 53 25 0 square_4_4/2300 Town 34 11 0/2400 LodgingHouse 29 7 2 Gremlin_sleep"
}