{
    "rain": "MAIL beachBridgeFixed/GOTO rain_noBridge/630 LodgingHouse 17 14 0/700 LodgingHouse 20 14 2/1100 LodgingHouse 8 14 2/1300 Beach 83 40 2/1800 LodgingHouse 18 14 2/2300 LodgingHouse 20 4 1",
    "rain_noBridge": "630 LodgingHouse 17 14 0/700 LodgingHouse 20 14 2/1100 LodgingHouse 8 14 2/1300 Beach 42 36 2/1800 LodgingHouse 18 14 2/2300 LodgingHouse 20 4 1",
    "spring": "610 LodgingHouse 18 14 2/900 ClearingHouse 17 21 3 Jessie_waterL/1100 ClearingHouse 12 13 2 Jessie_waterF/1300 ClearingHouse 9 17 1 Jessie_waterR/1700 LodgingHouse 17 14 2/2000 LodgingHouse 20 4 1",
	"summer_Mon": "MAIL Jessie_Vincent/GOTO spring/610 LodgingHouse 18 14 2/900 ClearingHouse 17 21 3 Jessie_waterL/1100 ClearingHouse 12 13 2 Jessie_waterF/1300 ClearingHouse 9 17 1 Jessie_waterR/1500 Beach 42 24 2/1900 LodgingHouse 17 14 2/2200 LodgingHouse 20 4 1",
    "spring_Tue": "610 LodgingHouse 18 14 2/1000 SeedShop 15 23 0/1230 Mountain 29 8 2/1900 LodgingHouse 7 14 0/2200 LodgingHouse 20 4 1",
    "spring_Thu": "GOTO spring_Tue",
    "summer": "610 LodgingHouse 18 14 2/900 ClearingHouse 17 21 3 Jessie_waterL/1100 ClearingHouse 12 13 2 Jessie_waterF/1230 Mountain 60 37 1/1600 Mountain 29 10 0/2000 LodgingHouse 20 4 1",
    "fall": "610 LodgingHouse 18 14 2/900 ClearingHouse 17 21 3 Jessie_waterL/1100 ClearingHouse 12 13 2 Jessie_waterF/1230 Forest 53 28 square_5_5/1600 Forest 23 24 1/1900 LodgingHouse 20 4 1 ",
    //"Fri": "610 LodgingHouse 18 14 2/900 Town 28 22 2/1100 ClearingHouse 17 21 3/1900 LodgingHouse 20 4 1",   
    "Sat": "610 LodgingHouse 18 14 2/900 ClearingHouse 17 21 3 Jessie_waterL/1100 ClearingHouse 12 13 2 Jessie_waterF/1300 ClearingHouse 9 17 1 Jessie_waterR/1700 LodgingHouse 7 14 0/2000 LodgingHouse 20 4 1",
    "Sun": "610 LodgingHouse 18 14 2/900 ClearingHouse 17 21 3 Jessie_waterL/1100 ClearingHouse 12 13 2 Jessie_waterF/1300 ClearingHouse 9 17 1 Jessie_waterR/1700 LodgingHouse 7 14 0/2000 LodgingHouse 20 4 1",
    "winter": "GOTO spring",
    "JojaMart_Replacement": "LodgingHouse 7 14 0"
    }