{
	"Format": "1.18.0",
	"DynamicTokens": [
		//Have you seen the 6-heart event?
		{
			"Name": "CatTalk",
			"Value": "false",
			"When": {
				"HasSeenEvent |contains=50706121": false
			}
		},
		{
			"Name": "CatTalk",
			"Value": "true",
			"When": {
				"HasSeenEvent |contains=50706121": true
			}
		},
		{
			"Name": "housemate",
			"Value": "HMfalse"
		},
		{
			"Name": "housemate",
			"Value": "HMtrue",
			"When": {
				"Spouse": "MisterGinger"
			}
		},
		//Is a wizard replacement enabled?
		{
			"Name": "wizard",
			"Value": "wizard"
		},
		{
			"Name": "wizard",
			"Value": "harvest",
			"When": {
				"HasMod": "Ran.HarvestGoddess"
			}
		},
		//Fixes warps for SVE
		{
			"Name": "6heartwarp",
			"Value": "warp farmer 8 24"
		},
		{
			"Name": "6heartwarp",
			"Value": "warp farmer 9 24",
			"When": {
				"HasMod": "FlashShifter.StardewValleyExpandedCP"
			}
		},
		{
			"Name": "6heartmove",
			"Value": "move farmer -2 0 3"
		},
		{
			"Name": "6heartmove",
			"Value": "move farmer -3 0 3",
			"When": {
				"HasMod": "FlashShifter.StardewValleyExpandedCP"
			}
		},
		//What is the status of Shane?
		{
			"Name": "shane",
			"Value": "drunk",
			"When": {
				"HasSeenEvent |contains=2118991": false
			}
		},
		{
			"Name": "shane",
			"Value": "sober",
			"When": {
				"HasSeenEvent |contains=2118991": true
			}
		},
		{
			"Name": "shane",
			"Value": "spouse",
			"When": {
				"Spouse": "Shane"
			}
		},
		//fixes Marlon if he is "real"
		{
			"Name": "marlon4",
			"Value": "showFrame Marlon 4"
		},
		{
			"Name": "marlon4",
			"Value": "showFrame Marlon 16",
			"When": {
				"HasMod": "Wolf.Marlon"
			}
		},
		{
			"Name": "marlon5",
			"Value": "showFrame Marlon 5"
		},
		{
			"Name": "marlon5",
			"Value": "showFrame Marlon 17",
			"When": {
				"HasMod": "Wolf.Marlon"
			}
		},
		//changes personality for Marlon if he is "real"
		{
			"Name": "marlon",
			"Value": "core",
			"When": {
				"HasMod |contains=Wolf.Marlon": false
			}
		},
		{
			"Name": "marlon",
			"Value": "real",
			"When": {
				"HasMod |contains=Wolf.Marlon": true
			}
		}
	],
	"Changes": [
		{
			"LogName": "NPC Manifestation #1",
			"Action": "EditData",
			"Target": "Data/NPCDispositions",
			"Entries": {
				"MisterGinger": "adult/rude/outgoing/neutral/male/non-datable/null/Town/summer 20//AnimalShop 7 16/{{i18n:NPCD.Name.MrGinger}}"
			}
		},
		{
			"LogName": "NPC Gift Tastes",
			"Action": "EditData",
			"Target": "Data/NPCGiftTastes",
			"Entries": {
				"MisterGinger": "{{i18n:gift.love.{{CatTalk}}}}/130 139 148 198 227 267 424 426 715/{{i18n:gift.like.{{CatTalk}}}}/-4 168 176 442 195 209 228 305 444 446 684 685 732/{{i18n:gift.dislike.{{CatTalk}}}}/-81 -2 -75 -79 -7/{{i18n:gift.hate.{{CatTalk}}}}/2 220 221 222 223 -26 395/{{i18n:gift.neutral.{{CatTalk}}}}//"
			}
		},
		{
			"LogName": "Animations",
			"Action": "EditData",
			"Target": "Data/animationDescriptions",
			"Entries": {
				"MrG_Grooming": "24 25 26/23 23 29 29 30 30 31 31 30 30 23 23 27 27 27 27 27 27 27 27 27 27 27 27 27 27 27 27 27 27 27 27 56 56 57 57 58 58 59 59 58 58 56 27 27 27 27 27 27 27 27 27 27 27 27 27 27 27 27 27 27 27 27/26 25 24",
				"MrG_Sleep": "36/36 36 36 36 36 36 36 36 37 37 37 37 37 37 37 37/36",
				"MrG_Door": "16 17/18 19/17 16",
				"MrG_Floop": "32 33 34/35/34 33 32",
				"misterginger_sleep": "22/22/22"
			}
		},
		{
			"LogName": "NPC Exclusion NPCs to avoid Perfection issues",
			"Action": "EditData",
			"Target": "Data/CustomNPCExclusions",
			"Entries": {
				"MisterGinger": "ItemDelivery"
			},
			"When": {
				"HasMod": "Esca.CustomNPCExclusions"
			}
		},
		//Character Sprites
		{
			"LogName": "Mister Ginger Portraits",
			"Action": "Load",
			"Target": "Portraits/MisterGinger",
			"FromFile": "assets/Images/MisterGingerPortrait.png"
		},
		{
			"LogName": "Mister Ginger Sprites",
			"Action": "Load",
			"Target": "Characters/MisterGinger",
			"FromFile": "assets/Images/MisterGingerSprites.png"
		},
		{
			"LogName": "Mister Ginger Sprites",
			"Action": "Load",
			"Target": "Characters/MisterGinger_Fish",
			"FromFile": "assets/Images/MisterGinger_Fish.png"
		},
		{
			"LogName": "Mister Ginger Sprites",
			"Action": "Load",
			"Target": "Characters/MisterGinger_NoFish",
			"FromFile": "assets/Images/MisterGingerSprites.png"
		},
		//Dialogue	
		{
			"LogName": "Dialogue",
			"Action": "Load",
			"Target": "Characters/Dialogue/MisterGinger",
			"FromFile": "assets/Dialogue/dialogue.json"
		},
		{
			"LogName": "Dialogue",
			"Action": "Include",
			"FromFile": "assets/Dialogue/{{Language}}.json",
			"When": {
				"HasFile:{{FromFile}}": true
			}
		},
		{
			"LogName": "Dialogue",
			"Action": "Include",
			"FromFile": "assets/Dialogue/en.json",
			"When": {
				"HasFile:assets/Dialogue/{{language}}.json": false
			}
		},
		{
			"LogName": "Rainy Day Dialogue",
			"Action": "EditData",
			"Target": "Characters/Dialogue/rainy",
			"Entries": {
				"MisterGinger": "{{i18n:rainyday.{{CatTalk}}}}"
			}
		},
		//Schedules
		{
			"LogName": "Schedule",
			"Action": "Load",
			"Target": "Characters/schedules/MisterGinger",
			"FromFile": "assets/schedule.json"
		},
		{
			"Action": "Load",
			"Target": "strings/schedules/MisterGinger",
			"FromFile": "assets/StringsMisterGinger.json"
		},
		//Festival Dialogue
		{
			"LogName": "Festival dialogue",
			"Action": "EditData",
			"Target": "Data/Festivals/spring13",
			"Entries": {
				"MisterGinger": "{{i18n:spring13.{{CatTalk}}}}"
			}
		},
		{
			"LogName": "Festival dialogue",
			"Action": "EditData",
			"Target": "Data/Festivals/spring24",
			"Entries": {
				"MisterGinger": "{{i18n:spring24.{{CatTalk}}}}"
			}
		},
		{
			"LogName": "Festival dialogue",
			"Action": "EditData",
			"Target": "Data/Festivals/summer11",
			"Entries": {
				"MisterGinger": "{{i18n:summer11.{{CatTalk}}}}"
			}
		},
		{
			"LogName": "Festival dialogue",
			"Action": "EditData",
			"Target": "Data/Festivals/summer28",
			"Entries": {
				"MisterGinger": "{{i18n:summer28.{{CatTalk}}}}"
			}
		},
		{
			"LogName": "Festival dialogue",
			"Action": "EditData",
			"Target": "Data/Festivals/fall16",
			"Entries": {
				"MisterGinger": "{{i18n:fall16.{{CatTalk}}}}"
			}
		},
		{
			"LogName": "Festival dialogue",
			"Action": "EditData",
			"Target": "Data/Festivals/fall27",
			"Entries": {
				"MisterGinger": "{{i18n:fall27.{{CatTalk}}}}"
			}
		},
		{
			"LogName": "Festival dialogue",
			"Action": "EditData",
			"Target": "Data/Festivals/winter8",
			"Entries": {
				"MisterGinger": "{{i18n:winter8.{{CatTalk}}}}"
			}
		},
		{
			"LogName": "Festival dialogue",
			"Action": "EditData",
			"Target": "Data/Festivals/winter25",
			"Entries": {
				"MisterGinger": "{{i18n:winter25.{{CatTalk}}}}"
			}
		},
		{
			"Action": "EditData",
			"Target": "Data/Festivals/spring24",
			"Entries": {
				"MisterGinger": "{{i18n:spring24.M6.true}}"
			},
			"When": {
				"HasSeenEvent": "50706121",
				"Hearts:Marnie": "6,7,8,9,10"
			}
		},
		//Temp Actors	
		{
			"Action": "Load",
			"Target": "Characters/VoidGolem",
			"FromFile": "assets/Images/VoidGolem.png",
			"When": {
				"HasMod |contains=lemurkat.MarnieRanchPack": false
			}
		},
		//Events	
		{
			"LogName": "2-heart and 10-heart Events",
			"Action": "EditData",
			"Target": "Data/Events/Town",
			"Entries": {
				"50706117/f MisterGinger 500/t 1400 1700/Hl Tristan_Returns/w sunny": "springtown/43 75/Emily -100 -100 2 MisterGinger 45 71 0 farmer 38 72 2/skippable/pause 500/animate MisterGinger false true 250 18 19/playSound cat/pause 700/move farmer 3 0 1/pause 250/stopAnimation MisterGinger/animate MisterGinger false false 250 17 16/pause 500/faceDirection MisterGinger 3/pause 250/playSound cat/pause 1000/animate MisterGinger false false 250 16 17/pause 500/animate MisterGinger false true 250 18 19/pause 500/pause 250/playSound cat/emote farmer 8/playSound stoneStep/pause 250/stopAnimation MisterGinger/pause 250/move MisterGinger 0 1 0/move MisterGinger 1 0 3/playSound doorOpen/warp Emily 45 71/pause 250/playSound cat/pause 250/playSound cat/pause 250/speak Emily \"{{i18n:2hearts.0}}\"/pause 250/speak MisterGinger \"{{i18n:2hearts.1}}\"/pause 250/speak Emily \"{{i18n:2hearts.2}}\"/move MisterGinger 1 0 3/move MisterGinger 0 1 3/pause 250/playSound cat/move Emily 0 1 1/pause 250/playSound woodyStep/addObject 46 72 142/move MisterGinger -1 0 0/pause 250/playSound cat/pause 250/animate MisterGinger false false 250 42 43/animate MisterGinger false true 350 43 60 61 62/pause 500/speak Emily \"{{i18n:2hearts.3}}\"/pause 250/move farmer 2 0 1/pause 250/emote farmer 8/pause 250/faceDirection Emily 3/pause 250/jump Emily 4/pause 250/speak Emily \"{{i18n:2hearts.4}}\"/pause 250/pause 250/speak Emily \"{{i18n:2hearts.5}}\"/pause 250/emote farmer 32/pause 250/speak Emily \"{{i18n:2hearts.6}}\"/pause 250/stopAnimation MisterGinger/removeObject 46 72/pause 250/pause 250/animate MisterGinger false false 200 24 25 26 27 23/pause 1250/animate MisterGinger false true 200 29 30 29 23/playSound cat/pause 500/speak Emily \"{{i18n:2hearts.7}}\"/pause 500/playSound cat/stopAnimation MisterGinger/speak Emily \"{{i18n:2hearts.8}}\"/pause 500/pause 250/question null \"{{i18n:2hearts.9}}\"/pause 500/textAboveHead Emily \"{{i18n:2hearts.10}}\"/pause 250/showFrame MisterGinger 25/playSound cat/pause 250/pause 500/faceDirection Emily 2/speak Emily \"{{i18n:2hearts.11}}\"/pause 250/speak MisterGinger \"{{i18n:2hearts.12}}\"/animate MisterGinger false true 200 29 30 29 23/pause 250/textAboveHead Emily \"{{i18n:2hearts.13}}\"/pause 250/faceDirection Emily 3/pause 250/stopAnimation MisterGinger/speak Emily \"{{i18n:2hearts.14}}\"/pause 500/playSound cat/pause 500/playSound stoneStep/pause 250/speak Emily \"{{i18n:2hearts.15}}\"/faceDirection Emily 0/pause 250/move Emily 0 -1 0/playSound doorOpen/warp Emily -100 -100/pause 500/faceDirection farmer 1/move MisterGinger -2 0 3/pause 250/speak MisterGinger \"{{i18n:2hearts.16}}\"/pause 500/emote farmer 32/pause 1000/end",
				"50706132/f MisterGinger 2500/f Linus 1000/e 50706121/Hl Tristan_Returns/w sunny/t 2000 2400": "nightTime/-1000 -1000/MisterGinger 50 37 1 Linus 50 36 1 farmer -100 -100 0/addTemporaryActor VoidGolem 16 24 56 33 0 false/showFrame VoidGolem 18/skippable/viewport 46 37 true/pause 500/speak Linus \"{{i18n:10hearts.1.1}}\"/pause 500/faceDirection Linus 2/faceDirection MisterGinger 0/speak Linus \"{{i18n:10hearts.1.2}}\"/pause 500/move Linus 3 0 1/move MisterGinger 5 0 1/pause 500/faceDirection MisterGinger 3/speak MisterGinger \"{{i18n:10hearts.1.3}}\"/pause 500/speak Linus \"{{i18n:10hearts.1.4}}\"/faceDirection Linus 0/pause 250/faceDirection Linus 1/pause 250/shake Linus 250/speak Linus \"{{i18n:10hearts.1.5}}\"/pause 500/faceDirection MisterGinger 0/pause 500/speak MisterGinger \"{{i18n:10hearts.1.6}}\"/pause 500/speak Linus \"{{i18n:10hearts.1.7}}\"/speed Linus 4/move Linus 3 0 0/pause 500/move Linus 0 -2 0/animate VoidGolem false false 250 18 19 20/jump Linus/animate VoidGolem false false 250 21 22 23 24 0/playSound shadowHit/speed Linus 8/move Linus 4 0 1/speed Linus 8/move Linus 0 2 0/shake Linus 350/pause 500/faceDirection VoidGolem 1/emote MisterGinger 16/animate VoidGolem false true 250 28 29 28 29/pause 500/move VoidGolem 1 0 1/speed MisterGinger 5/move MisterGinger 0 -4 1/speak MisterGinger \"{{i18n:10hearts.1.8}}\"/stopAnimation VoidGolem/pause 500/faceDirection VoidGolem 3/pause 500/textAboveHead VoidGolem \"{{i18n:10hearts.1.9}}\"/pause 500/move VoidGolem -1 0 3/speak MisterGinger \"{{i18n:10hearts.1.10}}\"/animate MisterGinger false false 250 52 53 52 53/pause 500/specificTemporarySprite swordswipe 56 33/pause 250/playSound shadowHit/pause 500/move VoidGolem 1 0 3/animate VoidGolem false true 250 30 31/pause 500/move MisterGinger 1 0 1/animate MisterGinger false false 250 52 53 52 53/specificTemporarySprite swordswipe 57 33/playSound shadowHit/pause 500/move MisterGinger -1 0 1/move VoidGolem 1 0 3/showFrame MisterGinger 38/pause 500/faceDirection VoidGolem 1/move VoidGolem 1 0 1/pause 500/speed MisterGinger 5/move MisterGinger 3 0 1/faceDirection VoidGolem 3/animate MisterGinger false false 250 52 53 52 53/pause 500/specificTemporarySprite swordswipe 58 33/playSound shadowHit/showFrame VoidGolem 25/pause 250/playSound shadowDie/warp VoidGolem -100 -100/move MisterGinger 1 0 2/showFrame MisterGinger 38/pause 500/speak Linus \"{{i18n:10hearts.1.11}}\"/move Linus 0 -3 3/speak Linus \"{{i18n:10hearts.1.12}}\"/pause 500/playSound cat/speak Linus \"{{i18n:10hearts.1.13}}\"/pause 1000/end dialogue MisterGinger \"{{i18n:10hearts.1.14}}\""
			}
		},
		{
			"LogName": "4-heart Event",
			"Action": "EditData",
			"Target": "Data/Events/SeedShop",
			"Entries": {
				"50706118/f MisterGinger 1000/d Mon Wed Thu Fri Sat Sun/Hl Tristan_Returns/t 1100 1500": "aerobics/-1000 -1000/farmer 14 12 1 Marnie 23 18 0 Robin 25 18 0 Caroline 24 15 2 Jodi 27 16 0 Pierre 9 17 1 MisterGinger 14 16 0/skippable/viewport 24 17 true/pause 500/animate Marnie false true 250 24 25 26 27/animate Jodi false true 250 19 19 19 19 20 21 22 23 23 23 23 22 21 20 19 19 20 21 22 23 23 23 23 22 21 20 21 22 23 22 21 20 22 23 22 21 20/animate Caroline false true 250 16 16 17 17 16 16 18 18/animate Robin false true 250 28 28 29 30 30 31/pause 1000/doAction 14 16/playSound doorOpen/faceDirection farmer 2/move MisterGinger 0 -3 0/pause 500/playSound cat/move farmer -1 0 1/pause 250/move MisterGinger 0 -1 1/speed MisterGinger 2/move MisterGinger 6 0 1/move Pierre 5 0 0/move farmer 6 0 2/pause 500/move MisterGinger 0 5 1/doAction 14 16/move Pierre 0 -4 0/pause 500/move MisterGinger 4 0 0/pause 250/stopAnimation Caroline/faceDirection Caroline 2/pause 250/playSound cat/move Pierre 0 -1 1 true/emote Caroline 12/pause 250/textAboveHead MisterGinger \"{{i18n:4hearts.1}}\"/pause 1000/textAboveHead Caroline \"{{i18n:4hearts.2}}\"/stopAnimation Marnie/pause 500/speak Marnie \"{{i18n:4hearts.3}}\"/move Marnie 0 -1 1/pause 250/faceDirection MisterGinger 3/pause 500/textAboveHead MisterGinger \"{{i18n:4hearts.4}}\"/pause 500/stopAnimation Robin/faceDirection Robin 0/pause 500/speak Robin \"{{i18n:4hearts.5}}\"/faceDirection MisterGinger 2/pause 500/animate MisterGinger false false 250 24 25 26 27 28/stopAnimation Jodi/pause 500/move Jodi -2 0 3/speak Jodi \"{{i18n:4hearts.6}}\"/pause 500/animate MisterGinger false True 120 29 30 31 30/pause 250/speak Marnie \"{{i18n:4hearts.7}}\"/pause 500/speak Robin \"{{i18n:4hearts.8}}$4\"/pause 500/speak Jodi \"{{i18n:4hearts.9}}\"/pause 500/move farmer 0 4 1/move Pierre 5 0 2/emote Caroline 40/pause 500/move farmer 2 0 1/pause 500/faceDirection Marnie 3/pause 250/speak Marnie \"{{i18n:4hearts.10}}\"/pause 250/emote Caroline 40/pause 500/speak Caroline \"{{i18n:4hearts.11}}\"/pause 500/stopAnimation MisterGinger/faceDirection MisterGinger 0/faceDirection Marnie 0/pause 500/playSound cat/speak MisterGinger \"{{i18n:4hearts.12}}\"/pause 500/shake Marnie 350/pause 500/speak Marnie \"{{i18n:4hearts.13}}\"/pause 500/move Pierre 0 3 1/textAboveHead Pierre \"{{i18n:4hearts.14}}\"/faceDirection Marnie 3/faceDirection farmer 3/faceDirection Caroline 3/faceDirection Jodi 3/faceDirection Robin 3/faceDirection MisterGinger 3/animate MisterGinger false true 250 20 21/pause 500/speak Pierre \"{{i18n:4hearts.15}}\"/shake Pierre 350/pause 1000/end"
			}
		},
		{
			"Action": "EditData",
			"Target": "Data/Events/Farm",
			"Entries": {
				"50706120/f MisterGinger 1502/f Wizard 500/e 50706118/Hl Tristan_Returns/e 50706117/e 50706119/e 112/x Wizard_CatTalk": "null"
			}
		},
		{
			"Action": "EditData",
			"Target": "Data/mail",
			"Entries": {
				"Wizard_CatTalk": "{{i18n:mail.{{wizard}}.hearts6}}"
			}
		},
		{
			"LogName": "5-heart Event",
			"Action": "EditData",
			"Target": "Data/Events/Beach",
			"Entries": {
				"50706119/f MisterGinger 1250/w sunny/Hl Tristan_Returns/t 1000 1600": "archaeo/-100 13/MisterGinger 40 16 0 farmer 42 9 2 Willy 26 21 0/skippable/changeSprite MisterGinger Fish/viewport 39 12 true/pause 250/move MisterGinger 0 -7 1/faceDirection farmer 3/pause 250/speak MisterGinger \"{{i18n:5hearts.1}}\"/pause 250/emote farmer 8/speed Willy 4/move Willy 0 -12 0/playSound stairsdown/jump MisterGinger 3/speed MisterGinger 4/move MisterGinger 0 -2 1/faceDirection farmer 0/speed MisterGinger 4/faceDirection farmer 1/move MisterGinger 4 0 3/pause 500/faceDirection farmer 0/speed Willy 4/move Willy 14 0 1/pause 500/faceDirection farmer 3/jump farmer 3/pause 250/speak Willy \"{{i18n:5hearts.2}}\"/question fork1 \"{{i18n:5hearts.3}}\"/fork BehindBush/pause 250/faceDirection Willy 1/pause 250/FaceDirection Willy 2/pause 250/faceDirection Willy 3/pause 250/faceDirection farmer 0/speak Willy \"{{i18n:5hearts.4}}\"/pause 250/speed Willy 3/move Willy 0 -4 0/emote farmer 28/faceDirection farmer 0/speed Willy 3/move Willy -2 0 3/speed Willy 3/move Willy 0 -5 0/warp Willy -100 -100/move farmer 0 -1 1/pause 1000/playSound cat/move MisterGinger -1 0 3/pause 250/emote MisterGinger 16/pause 500/showFrame MisterGinger 16/pause 250/showFrame MisterGinger 17/pause 250/showFrame MisterGinger 18/addObject 43 8 698/showFrame MisterGinger 19/changeSprite MisterGinger NoFish/showFrame MisterGinger 8/pause 250/faceDirection MisterGinger 2/pause 500/speak MisterGinger \"{{i18n:5hearts.5}}\"/emote farmer 32/friendship MisterGinger 25/pause 1000/end",
				"BehindBush": "faceDirection farmer 0/pause 500/speak Willy \"{{i18n:5hearts.6}}\"/faceDirection farmer 3/move Willy 0 -2 1/move Willy 3 0 1/faceDirection farmer 0/shake Willy 350/showFrame Willy 26/speak Willy \"{{i18n:5hearts.7}}\"/pause 500/playSound cat/playSound cat/textAboveHead Willy \"{{i18n:5hearts.8}}\"/changeSprite MisterGinger NoFish/pause 500/move Willy -2 0 2/pause 250/speak Willy \"{{i18n:5hearts.9}}\"/playSound leafrustle/pause 250/move MisterGinger -2 0 3/speak MisterGinger \"{{i18n:5hearts.10}}\"/pause 500/faceDirection Willy 1/emote Willy 40/pause 500/speak Willy \"{{i18n:5hearts.11}}\"/addObject 42 8 698/pause 500/playSound cat/speak Willy \"{{i18n:5hearts.12}}\"/emote farmer 32/pause 1000/end"
			}
		},
		{
			"LogName": "6-heart Event",
			"Action": "EditData",
			"Target": "Data/Events/WizardHouse",
			"Entries": {
				"50706121/f MisterGinger 1500/t 1800 2400/Hl Tristan_Returns/n Wizard_CatTalk/i 769": "WizardSong/-1000 -1000/farmer -100 -100 0 Wizard 3 17 2 MisterGinger 2 17 1/removeItem 769/skippable/viewport 8 19 true/pause 1000/faceDirection Wizard 3/speak Wizard \"{{i18n:6hearts.{{wizard}}.1}}\"/pause 500/playSound cat/pause 250/speak Wizard \"{{i18n:6hearts.{{wizard}}.2}}\"/pause 500/playSound cat/pause 1000/playSound cat/speak Wizard \"{{i18n:6hearts.{{wizard}}.3}}\"/playSound cat/pause 250/speak Wizard \"{{i18n:6hearts.{{wizard}}.4}}\"/pause 500/playSound stoneStep/faceDirection MisterGinger 2/faceDirection Wizard 2/pause 250/speak Wizard \"{{i18n:6hearts.{{wizard}}.5}}\"/pause 500/playSound doorOpen/{{6heartwarp}}/move farmer 0 -4 0/pause 250/speak Wizard \"{{i18n:6hearts.{{wizard}}.6}}\"/move farmer -2 0 3/move farmer 0 -3 3/pause 500/playSound cat/pause 250/faceDirection Wizard 3/speak Wizard \"{{i18n:6hearts.{{wizard}}.7}}\"/pause 500/faceDirection Wizard 1/speak Wizard \"{{i18n:6hearts.{{wizard}}.8}}\"/pause 500/{{6heartmove}}/pause 250/playSound coin/speak Wizard \"{{i18n:6hearts.{{wizard}}.9}}\"/move Wizard 0 2 2/faceDirection farmer 2/faceDirection MisterGinger 1/pause 500/speak Wizard \"{{i18n:6hearts.{{wizard}}.10}}\"/pause 250/playSound cat/speak Wizard \"{{i18n:6hearts.{{wizard}}.11}}\"/pause 500/playSound dropItemInWater/move farmer 0 2 2/pause 250/showFrame Wizard 18/showFrame 96/pause 1000/speak Wizard \"{{i18n:6hearts.{{wizard}}.12}}\"/pause 800/emote farmer 28/faceDirection MisterGinger 1/playSound cat/pause 500/showFrame Wizard 19/pause 800/showFrame farmer 90/faceDirection Wizard 2/pause 1000/farmerEat 184/pause 4000/playSound gulp/move farmer 0 -1 2/animate farmer false true 350 104 105/pause 4000/globalFade .008/viewport -1000 -1000/stopAnimation farmer/faceDirection farmer 2/warp MisterGinger 5 18/warp Wizard 3 18 1/faceDirection Wizard 1/faceDirection MisterGinger 3/playMusic none/pause 500/viewport 8 19 true/pause 500/speak MisterGinger \"{{i18n:6hearts.13}}\"/pause 500/speak MisterGinger \"{{i18n:6hearts.14}}\"/pause 500/emote Wizard 8/pause 500/speak MisterGinger \"{{i18n:6hearts.15}}\"/pause 250/quickQuestion {{i18n:6hearts.{{wizard}}.16}}(break)emote Wizard 40\\speak Wizard \"{{i18n:6hearts.{{wizard}}.17}}\"(break)speak MisterGinger \"{{i18n:6hearts.{{wizard}}.18}}\"(break)speak MisterGinger \"{{i18n:6hearts.{{wizard}}.19}}\"(break)speak Wizard \"{{i18n:6hearts.{{wizard}}.20}}\"/pause 500/faceDirection farmer 1/pause 500/emote farmer 16/speak MisterGinger \"{{i18n:6hearts.21}}\"/pause 250/emote Wizard 12/pause 500/speak Wizard \"{{i18n:6hearts.{{wizard}}.22}}\"/pause 250/speak MisterGinger \"{{i18n:6hearts.{{wizard}}.23}}\"/emote farmer 32/pause 1000/end dialogue MisterGinger \"{{i18n:6hearts.24}}\""
			},
			"When": {
				"HasMod |contains=Ran.HarvestGoddess": false
			}
		},
		{
			"LogName": "6-heart Event",
			"Action": "EditData",
			"Target": "Data/Events/WizardHouse",
			"Entries": {
				"50706121/f MisterGinger 1500/t 1800 2400/Hl Tristan_Returns/n Wizard_CatTalk/i 768": "WizardSong/-1000 -1000/farmer -100 -100 0 Wizard 3 17 2 MisterGinger 2 17 1/removeItem 768/skippable/viewport 8 19 true/pause 1000/faceDirection Wizard 3/speak Wizard \"{{i18n:6hearts.{{wizard}}.1}}\"/pause 500/playSound cat/pause 250/speak Wizard \"{{i18n:6hearts.{{wizard}}.2}}\"/pause 500/playSound cat/pause 1000/playSound cat/speak Wizard \"{{i18n:6hearts.{{wizard}}.3}}\"/playSound cat/pause 250/speak Wizard \"{{i18n:6hearts.{{wizard}}.4}}\"/pause 500/playSound stoneStep/faceDirection MisterGinger 2/faceDirection Wizard 2/pause 250/speak Wizard \"{{i18n:6hearts.{{wizard}}.5}}\"/pause 500/playSound doorOpen/{{6heartwarp}}/move farmer 0 -4 0/pause 250/speak Wizard \"{{i18n:6hearts.{{wizard}}.6}}\"/move farmer -2 0 3/move farmer 0 -3 3/pause 500/playSound cat/pause 250/faceDirection Wizard 3/speak Wizard \"{{i18n:6hearts.{{wizard}}.7}}\"/pause 500/faceDirection Wizard 1/speak Wizard \"{{i18n:6hearts.{{wizard}}.8}}\"/pause 500/{{6heartmove}}/pause 250/playSound coin/speak Wizard \"{{i18n:6hearts.{{wizard}}.9}}\"/move Wizard 0 2 2/faceDirection farmer 2/faceDirection MisterGinger 1/pause 500/speak Wizard \"{{i18n:6hearts.{{wizard}}.10}}\"/pause 250/playSound cat/speak Wizard \"{{i18n:6hearts.{{wizard}}.11}}\"/pause 500/playSound dropItemInWater/move farmer 0 2 2/pause 250/showFrame Wizard 18/showFrame 96/pause 1000/speak Wizard \"{{i18n:6hearts.{{wizard}}.12}}\"/pause 800/emote farmer 28/faceDirection MisterGinger 1/playSound cat/move farmer 0 -1 2/pause 500/pause 4000/globalFade .008/viewport -1000 -1000/speak Wizard \"{{i18n:6hearts.{{wizard}}.13}}\"/faceDirection farmer 2/warp MisterGinger 5 18/warp Wizard 3 18 1/faceDirection Wizard 1/faceDirection MisterGinger 3/playMusic none/pause 500/viewport 8 19 true/pause 500/speak MisterGinger \"{{i18n:6hearts.13}}@? @!$2\"/pause 500/speak MisterGinger \"{{i18n:6hearts.14}}\"/pause 500/emote Wizard 8/pause 500/speak MisterGinger \"{{i18n:6hearts.15}}@? Are you okay?\"/pause 250/quickQuestion {{i18n:6hearts.{{wizard}}.16}}(break)emote Wizard 40\\speak Wizard \"{{i18n:6hearts.{{wizard}}.17}}\"(break)speak MisterGinger \"{{i18n:6hearts.{{wizard}}.18}}\"(break)speak Wizard \"{{i18n:6hearts.{{wizard}}.20}}\"/pause 500/faceDirection farmer 1/pause 500/emote farmer 16/speak MisterGinger \"{{i18n:6hearts.{{wizard}}.21}}\"/pause 250/emote Wizard 60/pause 500/speak Wizard \"{{i18n:6hearts.{{wizard}}.22}}\"/pause 250/faceDirection farmer 3/speak MisterGinger \"{{i18n:6hearts.{{wizard}}.23}}\"/pause 500/speak Wizard \"{{i18n:6hearts.{{wizard}}.24}}\"/pause 500/faceDirection farmer 1/emote farmer 32/pause 1000/end dialogue MisterGinger \"{{i18n:6hearts.24}}Anyone can talk to animals, but it takes a special kind of person to _listen_ to them.#$b#Yes, that's a compliment. Don't get used to them. I've got a reputation to withhold, you know.\""
			},
			"When": {
				"HasMod |contains=Ran.HarvestGoddess": true
			}
		},
		{
			"Action": "EditImage",
			"Target": "Characters/Shane",
			"FromFile": "assets/Images/Shane-Book.png",
			"FromArea": {
				"X": 0,
				"Y": 0,
				"Width": 48,
				"Height": 32
			},
			"ToArea": {
				"X": 0,
				"Y": 416,
				"Width": 48,
				"Height": 32
			}
		},
		{
			"LogName": "8-heart Event",
			"Action": "EditData",
			"Target": "Data/Events/Forest",
			"Entries": {
				"50706127/f MisterGinger 2000/e 50706121/Hl Tristan_Returns/t 1800 2200": "nightTime/-1000 -1000/Jas -100 -100 0 Shane -100 -100 0 MisterGinger 86 17 3 farmer 93 23 3/skippable/viewport 93 21 true/pause 500/move MisterGinger -1 0 0/playSound cat/pause 500/move MisterGinger 1 0 0/pause 500/playSound cat/pause 500/move MisterGinger -1 0 0/animate MisterGinger false false 250 16 17 18 19 18 19 18 19/playSound cat/pause 1500/pause 250/move farmer -3 0 0/playSound woodyStep/pause 250/faceDirection MisterGinger 2/jump MisterGinger 3/pause 500/move MisterGinger 0 1 1/pause 500/speak MisterGinger \"{{i18n:8hearts.1}}\"/pause 500/emote farmer 8/speed MisterGinger 4/move MisterGinger 4 0 2/speed farmer 4/move farmer 0 -5 0/pause 500/faceDirection MisterGinger 1/faceDirection farmer 3/speak MisterGinger \"{{i18n:8hearts.2}}\"/pause 500/emote farmer 16/pause 500/speak MisterGinger \"{{i18n:8hearts.3.{{shane}}}}\"/pause 250/move MisterGinger -1 0 3/pause 250/move MisterGinger 1 0 1/speak MisterGinger \"{{i18n:8hearts.4}}\"/pause 250/move MisterGinger -1 0 3/pause 250/move MisterGinger 1 0 1/pause 500/question fork1 \"{{i18n:8hearts.5}}\"/fork NoHelpMrG/pause 500/move farmer 0 -2 1/emote MisterGinger 20/playSound stoneCrack/pause 500/faceDirection farmer 0/pause 500/move MisterGinger 0 -2 0/playSound openChest/globalFade/viewport -1000 -1000/stopMusic/changeLocation AnimalShop/warp Jas 3 6/warp Shane 4 6/warp farmer 10 18/warp MisterGinger 9 18/faceDirection Shane 2/showFrame Shane 53/faceDirection Jas 1/faceDirection MisterGinger 3/faceDirection farmer 3/viewport 11 11 true/pause 500/move MisterGinger -3 0 0/move MisterGinger 0 -5 0/doAction 6 12/pause 500/speak Shane \"{{i18n:8hearts.6}}\"/shake MisterGinger 350/pause 500/emote MisterGinger 40/showFrame Shane 52/pause 500/speak Jas \"{{i18n:8hearts.7}}\"/move farmer -3 0 0/move farmer 0 -3 3/pause 500/showFrame Shane 53/speak Shane \"{{i18n:8hearts.8}}\"/emote Jas 20/showFrame Shane 54/pause 500/speak Jas \"{{i18n:8hearts.9}}\"/pause 500/showFrame Shane 12/pause 500/emote Shane 40/pause 500/speak Shane \"{{i18n:8hearts.10}}\"/pause 500/speak Jas \"{{i18n:8hearts.11}}\"/pause 500/speak Shane \"{{i18n:8hearts.12}}\"/pause 500/speak Jas \"{{i18n:8hearts.13}}\"/pause 500/speak Shane \"{{i18n:8hearts.14.{{shane}}}}\"/pause 500/emote Jas 32/pause 500/speak Jas \"{{i18n:8hearts.15}}\"/pause 500/speak Shane \"{{i18n:8hearts.16}}\"/move Jas 0 1 2/speak Jas \"{{i18n:8hearts.17}}\"/pause 500/move Jas -2 0 2/showFrame Jas 25/move Shane -1 0 2/move Shane 0 1 3/pause 500/emote Shane 20/pause 500/viewport 11 13/move MisterGinger 0 1 1/showFrame MisterGinger 38/pause 500/faceDirection farmer 0/showFrame MisterGinger 4/speak MisterGinger \"{{i18n:8hearts.18}}\"/quickQuestion {{i18n:8hearts.19}}(break)speak MisterGinger \"{{i18n:8hearts.20}}\"(break)speak MisterGinger \"{{i18n:8hearts.21}}\"(break)speak MisterGinger \"{{i18n:8hearts.22}}\"(break)speak MisterGinger \"{{i18n:8hearts.23}}\"/pause 1000/speak Jas \"{{i18n:8hearts.24}}\"/pause 500/jump MisterGinger 3/emote MisterGinger 16/pause 500/speak MisterGinger \"{{i18n:8hearts.25}}\"/speed MisterGinger 4/move MisterGinger 0 -7 3/move Shane 1 0 0/move Shane 0 -1 3/move Shane 2 0 2/faceDirection Jas 1/speed MisterGinger 4/move MisterGinger -3 0 3/emote MisterGinger 20/move Shane 0 2 3/speak Shane \"{{i18n:8hearts.26}}\"/move Shane 0 7 2/faceDirection Shane 1 true/faceDirection farmer 3 true/pause 250/showFrame Shane 18/jump Shane 4/pause 250/emote Shane 40/pause 500/emote farmer 60/pause 1000/end warpOut",
				"NoHelpMrG": "pause 500/speak MisterGinger \"{{i18n:8hearts.27}}\"/friendship MisterGinger -500/pause 250/animate MisterGinger false false 250 12 20 21 20 21/pause 2000/speak MisterGinger \"{{i18n:8hearts.28}}\"/move MisterGinger -1 0 0/playSound cat/pause 500/end warpOut",
				"5295020/f MisterGinger 500/f Shane 2000/Hl Tristan_Returns/t 2000 2400": "nightTime/-1000 -1000/MisterGinger 33 18 2 Shane 34 25 2/skippable/addLantern 735 35 25 1/animate Shane false true 200 20 20 20 20 20 20 20 20 20 20 21 22 23 24 24 24 24 23 22 21 20 20 20 20/viewport 34 25 true/move MisterGinger 0 7 1/pause 500/animate MisterGinger false false 120 29 30 29 28/stopAnimation Shane/showFrame Shane 20/speak Shane \"{{i18n:5295020.1}}\"/pause 500/faceDirection MisterGinger 1/playSound cat/pause 500/speak Shane \"{{i18n:5295020.2}}\"/pause 500/playSound cat/pause 500/speak Shane \"{{i18n:5295020.3}}\"/pause 500/playSound cat/pause 500/speak Shane \"{{i18n:5295020.4}}\"/positionOffset MisterGinger 18 10/showFrame MisterGinger 28/pause 2000/speak Shane \"{{i18n:5295020.5}}\"/showFrame MisterGinger 4/showFrame Shane 19/pause 500/speak Shane \"{{i18n:5295020.6}}\"/faceDirection Shane 0/pause 500/move Shane 0 -5 0 true/faceDirection MisterGinger 0/emote MisterGinger 20/pause 500/end warpOut"
			}
		},
		{
			"LogName": "10-heart part 2",
			"Action": "EditData",
			"Target": "Data/Events/BusStop",
			"Entries": {
				"50706133/e 50706132/t 0600 1200/Hl Tristan_Returns/w sunny": "MarlonsTheme/14 23/farmer 7 23 1 Marlon 14 20 2 MisterGinger -100 -100 2/skippable/pause 1000/move farmer 2 0 1/pause 500/showFrame Marlon 12/pause 1000/speak Marlon \"{{i18n:10hearts.2.{{marlon}}.1}}\"/showFrame Marlon 0/move farmer 6 0 0/emote farmer 40/pause 500/speak Marlon \"{{i18n:10hearts.2.{{marlon}}.2}}\"/pause 500/move farmer 0 -2 3/emote farmer 8/pause 500/speak Marlon \"{{i18n:10hearts.2.{{marlon}}.3}}\"/warp MisterGinger 0 23/move MisterGinger 7 0 1/pause 500/speak MisterGinger \"{{i18n:10hearts.2.4}}\"/pause 500/{{marlon5}}/move MisterGinger 7 0 0/move MisterGinger 0 -2 0/{{marlon4}}/speak MisterGinger \"{{i18n:10hearts.2.5}}$1\"/pause 500/speak Marlon \"{{i18n:10hearts.2.{{marlon}}.6}}\"/faceDirection MisterGinger 1/pause 500/speak MisterGinger \"{{i18n:10hearts.2.7}}\"/faceDirection MisterGinger 0/pause 500/speak MisterGinger \"{{i18n:10hearts.2.8}}\"/pause 500/faceDirection MisterGinger 1/pause 500/speak MisterGinger \"{{i18n:10hearts.2.9}}\"/emote farmer 40/pause 500/speak Marlon \"{{i18n:10hearts.2.{{marlon}}.10}}\"/pause 500/emote MisterGinger 8/faceDirection MisterGinger 0/speak MisterGinger \"{{i18n:10hearts.2.11}}\"/pause 500/showFrame Marlon 0/speak Marlon \"{{i18n:10hearts.2.{{marlon}}.12}}\"/pause 500/emote MisterGinger 12/pause 500/faceDirection MisterGinger 0/speak MisterGinger \"{{i18n:10hearts.2.13}}\"/pause 500/speak Marlon \"{{i18n:10hearts.2.{{marlon}}.14}}\"/pause 500/emote MisterGinger 16/jump MisterGinger 3/pause 500/speak MisterGinger \"{{i18n:10hearts.2.15}}\"/pause 500/speak Marlon \"{{i18n:10hearts.2.{{marlon}}.16}}\"/pause 500/faceDirection MisterGinger 1/speak MisterGinger \"{{i18n:10hearts.2.17}}\"/quickQuestion {{i18n:10hearts.2.18}}(break)speak MisterGinger \"{{i18n:10hearts.2.19}}\"(break)speak MisterGinger \"{{i18n:10hearts.2.20}}\"(break)speak MisterGinger \"{{i18n:10hearts.2.21}}\"(break)speak MisterGinger \"{{i18n:10hearts.2.22}}\"/pause 1000/emote Marlon 8/pause 500/speak Marlon \"{{i18n:10hearts.2.{{marlon}}.23}}\"/pause 500/faceDirection MisterGinger 0/pause 500/showFrame MisterGinger 40/pause 500/playSound cat/pause 500/{{marlon4}}/speak Marlon \"{{i18n:10hearts.2.{{marlon}}.24}}\"/pause 500/playSound cat/pause 500/showFrame MisterGinger 41/showFrame MisterGinger 42/pause 500/showFrame MisterGinger 43/pause 500/speak Marlon \"{{i18n:10hearts.2.{{marlon}}.25}}\"/pause 500/playSound cat/pause 500/showFrame MisterGinger 42/pause 500/showFrame MisterGinger 43/pause 500/speak Marlon \"{{i18n:10hearts.2.{{marlon}}.26}}\"/pause 500/playSound cat/pause 500/showFrame MisterGinger 42/pause 500/showFrame MisterGinger 43/pause 500/speak Marlon \"{{i18n:10hearts.2.{{marlon}}.27}}\"/pause 500/showFrame MisterGinger 17/pause 500/showFrame MisterGinger 18/pause 500/speak MisterGinger \"{{i18n:10hearts.2.28}}\"/pause 500/showFrame MisterGinger 25/animate MisterGinger false true 300 29 30 31 30 30 30 30/pause 500/emote Marlon 8/pause 500/emote farmer 32/pause 2000/end"
			}
		},
		{
			"LogName": "Birthday Gift Dialogue",
			"Action": "EditData",
			"Target": "Strings/StringsFromCSFiles",
			"Entries": {
				"NPC.cs.4274": "{{i18n:birthday.love1.{{CatTalk}}}}",
				"NPC.cs.4275": "{{i18n:birthday.love1.{{CatTalk}}}}",
				"NPC.cs.4276": "{{i18n:birthday.like1.{{CatTalk}}}}",
				"NPC.cd.4277": "{{i18n:birthday.like2.{{CatTalk}}}}",
				"NPC.cs.4278": "{{i18n:birthday.dislike1.{{CatTalk}}}}",
				"NPC.cs.4279": "{{i18n:birthday.dislike3.{{CatTalk}}}}",
				"NPC.cs.4280": "{{i18n:birthday.neutral1.{{CatTalk}}}}",
				"NPC.cs.4281": "{{i18n:birthday.neutral1.{{CatTalk}}}}?"
			},
			"When": {
				"Season": "summer",
				"Day": "20"
			}
		},
		//Compatibility Files
		{
			"LogName": "Schedule",
			"Action": "EditData",
			"Target": "Characters/schedules/MisterGinger",
			"Entries": {
				"Sun": "800 AnimalShop 5 5 2 MrG_Grooming/1000 Forest 29 12 0/1200 Forest 18 75 2 MrG_Grooming/1600 Forest 13 40 2 MrG_Grooming/1900 AnimalShop 7 16 2 MrG_Sleep",
				"Marriage_Fri:": "900 Forest 29 12 0/1200 Forest 18 75 2 MrG_Grooming/1530 AnimalShop 7 16 2/2430 BusStop -1 23 3"
			},
			"When": {
				"HasMod |contains=Ran.HarvestGoddess": true,
				"HasMod |contains=Wolf.RomRas": false
			}
		},
		{
			"LogName": "Schedule",
			"Action": "EditData",
			"Target": "Characters/schedules/MisterGinger",
			"Entries": {
				"summer_Sun": "800 AnimalShop 5 5 2 MrG_Grooming/1000 Forest 21 29 2 MrG_Grooming/1600 Forest 13 40 2 MrG_Grooming/1900 AnimalShop 7 16 2 MrG_Sleep",
				"spring_Sun": "800 AnimalShop 5 5 2 MrG_Grooming/1000 Forest 21 29 2 MrG_Grooming/1600 Forest 13 40 2 MrG_Grooming/1900 AnimalShop 7 16 2 MrG_Sleep",
				"fall_Sun": "800 AnimalShop 5 5 2 MrG_Grooming/1000 Forest 21 29 2 MrG_Grooming/1600 Forest 13 40 2 MrG_Grooming/1900 AnimalShop 7 16 2 MrG_Sleep",
				"Marriage_Fri:": "900 Forest 21 29 0 MrG_Grooming/1300 Town 86 103 2/1620 Town 18 94 0/1750 AnimalShop 7 16 2/2430 BusStop -1 23 3"
			},
			"When": {
				"HasMod |contains=Ran.HarvestGoddess": false,
				"HasMod |contains=Wolf.RomRas": true
			}
		},
		{
			"LogName": "Schedule",
			"Action": "EditData",
			"Target": "Characters/schedules/MisterGinger",
			"Entries": {
				"Tue": "800 AnimalShop 5 5 2 MrG_Grooming/910 Town 99 91 2/1030 Town 52 97 1/1130 Beach 32 34 2 MrG_Grooming/1300 Town 47 87 0/1640 Town 24 97 2/1800 AnimalShop 7 16 2 MrG_Sleep"
			},
			"When": {
				"HasMod |contains=FlashShifter.StardewValleyExpandedCP": true,
				"HasMod |contains=Fellowclown.Nikolai": true
			}
		},
		//movies!
		{
			"LogName": "Movie Theatre Default",
			"Action": "Include",
			"FromFile": "assets/Movies.json"
		},
		// In case you manage to end up married to the cat
		//Yes, it will one day become a possibility, albeit via a rather obscure method
		{
			"Action": "EditData",
			"Target": "strings/StringsFromCSFiles",
			"Entries": {
				"Utility.cs.5367": "{{i18n:5367}}",
				"Utility.cs.5369": "{{i18n:5369}}",
				"Utility.cs.5371": "{{i18n:5371}}",
				"Utility.cs.5377": "{{i18n:5377}}",
				"Utility.cs.5379": "{{i18n:5379}}",
				"Game1.cs.2782": "{{i18n:2782}}",
				"NPC.cs.4439": "{{i18n:4439}}",
				"NPC.cs.4440": "{{i18n:4440}}",
				"NPC.cs.4441": "{{i18n:4441}}",
				"NPC.cs.4444": "{{i18n:4444}}",
				"NPC.cs.4447": "{{i18n:4447}}",
				"NPC.cs.4448": "{{i18n:4448}}",
				"NPC.cs.4449": "{{i18n:4449}}",
				"NPC.cs.4462": "{{i18n:4462}}",
				"NPC.cs.4463": "{{i18n:4463}}",
				"NPC.cs.4465": "{{i18n:4465}}",
				"NPC.cs.4466": "{{i18n:4466}}",
				"NPC.cs.4470": "{{i18n:4470}}",
				"NPC.cs.4474": "{{i18n:4474}}",
				"NPC.cs.4481": "{{i18n:4481}}",
				"NPC.cs.4500": "{{i18n:4500}}"
			},
			"When": {
				"Relationship:MisterGinger": "Engaged, Married",
				"HasMod |contains=Lemurkat.Tristan.CP": false
			}
		},
		{
			"LogName": "Adopting a baby with the cat",
			"Action": "EditData",
			"Target": "strings/Events",
			"Entries": {
				"BirthMessage_Adoption": "{{i18n:baby.adopt.1}}",
				"BirthMessage_PlayerMother": "{{i18n:baby.adopt.1}}",
				"BirthMessage_SpouseMother": "{{i18n:baby.adopt.1}}",
				"HaveBabyQuestion": "{{i18n:baby.adopt.q}}",
				"HaveBabyQuestion_Adoption": "{{i18n:baby.adopt.q}}",
				"BabyNamingTitle_Male": "{{i18n:baby.adopt.m}}",
				"BabyNamingTitle_Female": "{{i18n:baby.adopt.f}}"
			},
			"When": {
				"Spouse": "MisterGinger",
				"HasMod |contains=Lemurkat.Tristan.CP": false
			}
		},
		{
			"LogName": "Engagement Dialogue",
			"Action": "EditData",
			"Target": "Data/EngagementDialogue",
			"Entries": {
				"MisterGinger0": "{{i18n:engagement.0}}",
				"MisterGinger1": "{{i18n:engagement.1}}"
			},
			"When": {
				"Relationship:MisterGinger": "Engaged, Married",
				"HasMod |contains=Lemurkat.Tristan.CP": false
			}
		},
		{
			"LogName": "Marriage Dialogue",
			"Action": "Load",
			"Target": "Characters/Dialogue/MarriageDialogueMisterGinger",
			"FromFile": "assets/Dialogue/HousemateDialogue.json"
		},
		{
			"LogName": "Just a nightmare",
			"Action": "EditData",
			"Target": "Data/Events/Farm",
			"Entries": {
				"50706131/e 5295000": "none/64 15/MisterGinger 65 16 2 farmer 64 16 2/skippable/pause 500/animate MisterGinger false true 250 24 25 26 27 23 29 30 31 30/pause 1500/emote farmer 40/pause 1500/faceDirection MisterGinger 3/stopAnimation MisterGinger/pause 500/emote MisterGinger 8/pause 500/speak MisterGinger \"{{i18n:50706131.1.{{housemate}}}}\"/pause 400/quickQuestion {{i18n:50706131.2}}(break)jump MisterGinger 3\\speak MisterGinger \"{{i18n:50706131.3}}\"(break)speak MisterGinger \"{{i18n:50706131.4}}\"(break)speak MisterGinger \"{{i18n:50706131.5}}\"/pause 500/speak MisterGinger \"{{i18n:50706131.6}}\"/quickQuestion {{i18n:50706131.7}}(break)speak MisterGinger \"{{i18n:50706131.8}}\"(break)speak MisterGinger \"{{i18n:50706131.9}}\"(break)speak MisterGinger \"{{i18n:50706131.10}}\"/pause 500/speak MisterGinger \"{{i18n:50706131.11}}\"/pause 500/emote MisterGinger 20/emote farmer 32/pause 1000/end"
			},
			"When": {
				"HasMod |contains=Lemurkat.Tristan.CP": false
			}
		},
		{
			"Action": "EditData",
			"Target": "Characters/Dialogue/MisterGinger",
			"Entries": {
				"ExtraDialogue_Town_DumpsterDiveComment_Adult": "{{i18n:DumpsterDive.{{CatTalk}}}}"
			}
		},
		{
			"Action": "Include",
			"FromFile": "assets/Festivals.json"
		}
		/*
{	"Action": "Include",
	"FromFile": "assets/Includes/Korean.json",
	"When": {		"Language": "ko"			}
		},
{	"Action": "Include",
	"FromFile": "assets/Includes/Russian.json",
	"When": {		"Language": "ru"			}
		},
{	"Action": "Include",
	"FromFile": "assets/Includes/Chinese.json",
	"When": {		"Language": "zh"			}
		},
{	"Action": "Include",
	"FromFile": "assets/Includes/Portugese.json",
	"When": {		"Language": "pt"			}
		}*/
	]
}