{
    "hasNotMods": ["FlashShifter.StardewValleyExpandedALL"],
    "festivalSpots": [
  {
    "name": "Juliet",
    "map": "Town-EggFestival",
    "position": [31, 61],
    "direction": 3,
    "position2": [39, 70],
    "direction2": 3
          },
  {
    "name": "Jessie",
    "map": "Town-EggFestival",
    "position": [17,57],
    "direction": 2,
    "position2": [17, 57],
    "direction2": 2
          },
  {
    "name": "Juliet",
    "map": "Forest-FlowerFestival",
    "position": [5, 39],
    "direction": 1,
    "position2": [23, 20],
    "direction2": 3
          },
  {
    "name": "Jessie",
    "map": "Forest-FlowerFestival",
    "position": [25, 25],
    "direction": 3,
    "position2": [21, 30],
    "direction2": 0
          },

{
  "name": "Jessie",
  "map": "Beach-Luau",
  "position": [41, 17],
  "direction": 3,
  "position2": [38, 15],
  "direction2": 0
        },        

{
  "name": "Juliet",
  "map": "Beach-Luau",
  "position": [26, 17],
  "direction": 2,
  "position2": [25, 19],
  "direction2": 1
        },   

{
  "name": "Gremlin",
  "map": "Beach-Luau",
  "position": [50, 22],
  "direction": 3,
  "position2": [26, 20],
  "direction2": 0
        },
        
{
  "name": "Gremlin",
  "map": "Beach-Jellies",
  "position": [9, 10],
  "direction": 3
        } ,
{
  "name": "Juliet",
  "map": "Beach-Jellies",
  "position": [9, 9],
  "direction": 3        
},
{
  "name": "Jessie",
  "map": "Beach-Jellies",
  "position": [55, 7],
  "direction": 2        
},
{
  "name": "Juliet",
  "map": "Town-Fair",
  "position": [22, 63],
  "direction": 1        
},
{
  "name": "Jessie",
  "map": "Town-Fair",
  "position": [68, 71],
  "direction": 2        
},
{
  "name": "Gremlin",
  "map": "Town-Fair",
  "position": [6, 65],
  "direction": 1        
},
{
  "name": "Juliet",
  "map": "Town-Halloween",
  "position": [26, 23],
  "direction": 2        
},
{
  "name": "Jessie",
  "map": "Town-Halloween",
  "position": [34, 69],
  "direction": 2        
},
{
  "name": "Juliet",
  "map": "Forest-IceFestival",
  "position": [35, 25],
  "direction": 2,
  "position2": [41, 10],
  "direction2":1
        },   

{
  "name": "Gremlin",
  "map": "Forest-IceFestival",
  "position": [34, 25],
  "direction": 2,
  "position2": [42, 10],
  "direction2":3
         },

{
  "name": "Jessie",
  "map": "Forest-IceFestival",
  "position": [64, 45],
  "direction": 1
  
        },

{
  "name": "Juliet",
  "map": "Town-Christmas",
  "position": [23, 62],
  "direction": 2
  
        },
{
  "name": "Jessie",
  "map": "Town-Christmas",
  "position": [44, 58],
  "direction": 1
  
        }
    ]
}