{
    "Changes": [

//Sets Clint to always go to the Community Center on a Friday, even if it's raining (sorry!)
{   "LogName": "Schedule",  
    "Action": "EditData",  
    "Target": "Characters/schedules/Clint",
    "When": {	"DayOfWeek": "Friday"	},
    "Entries": {	
		"rain": "850 CommunityCenter 62 14 0 square_3_1_0/1700 Saloon 19 23 3/2400 Blacksmith 10 4 1 clint_sleep"	
					}
		},
//Sets Willy to go to the Community Center on a Saturday if it's raining (a day he is normally closed)		
{   "LogName": "Schedule",  
	"Action": "EditData",  
	"Target": "Characters/schedules/Willy",
    "When": {	"DayOfWeek": "Saturday"	},
    "Entries": {	
		"rain": "610 Beach 38 36 2 dick_fish/850 FishShop 5 4 2/1200 CommunityCenter 40 11 0/1700 Saloon 17 22 2 \"Strings\\schedules\\Willy:winter.000\"/2320 FishShop 4 4 2"	
					}
		},
//Linus keeps himself warm and dry in the community center and cooks lunch		
{   "LogName": "Schedule",  
	"Action": "EditData",  
	"Target": "Characters/schedules/Linus",
	"Entries": {	
		"rain": "700 Tent 2 2 0/930 Mountain 25 5 1/1010 Tent 3 2 2/1100 CommunityCenter 5 5 0 square_5_1_0/1300 CommunityCenter 6 7 2/1500 Mountain 17 7 2/1900 Tent 2 2 2"
			}
        },
//Maru and Penny hang out together on raining saturdays and sundays
{   "LogName": "Schedule",  
	"Action": "EditData",  
    "Target": "Characters/schedules/Maru",
    "When": {	"DayOfWeek": "Saturday, Sunday"	},
	"Entries": {
        "rain": "800 ScienceHouse 5 6 1 maru_tinker/900 CommunityCenter 15 27 0/1600 ScienceHouse 5 6 1 maru_tinker/2200 ScienceHouse 2 4 3 maru_sleep"
            }
        },
{   "LogName": "Schedule",  
    "Action": "EditData",  
    "Target": "Characters/schedules/Penny",
    "When": {	"DayOfWeek": "Saturday, Sunday"	},
    "Entries": {
            "rain": "900 Trailer 5 5 0/1000 CommunityCenter 14 26 1/1600 Trailer 12 6 0 penny_dishes/1800 Trailer 4 4 2 penny_read/2100 Trailer 4 9 1 penny_sleep",
            "rain2": "900 Trailer 5 5 0/1000 CommunityCenter 14 26 1/1600 Trailer 12 6 0 penny_dishes/1800 Trailer 4 4 2 penny_read/2100 Trailer 4 9 1 penny_sleep"
          
            }  
        },
//Dialogue
{
"Action": "EditData",  
"Target": "Characters/Dialogue/Gus",
"Entries": { 
    "CommunityCenter": "{{i18n:CommunityCenter.Gus.1}}"
    //"Ah, good morning @! I keep the fridge well-stocked with leftovers.#$b#I wouldn't want anyone in this town to go hungry."
     }
 },
{   "Action": "EditData",  
"Target": "Characters/Dialogue/Linus",
"Entries": { 
     "CommunityCenter": "{{i18n:CommunityCenter.Linus.1}}"
     //"Good afternoon, my friend. Ah yes, as much as I enjoy nature's shower, a hot meal and a sturdy roof do wodners in restoring the spirit.$1"
    }
}
/*{   "Action": "EditData",  
    "Target": "Characters/Dialogue/Penny",
    "Entries": {
        "CommunityCenter_Sat": "Mom's going to",
        "CommunityCenter_Sun": ""
        }
    },
{   "Action": "EditData",  
    "Target": "Characters/Dialogue/Maru",
    "Entries": {
        "CommunityCenter_Sat": ""
        "CommunityCenter_Sun": ""
        }
    },
*/


    ]
}